,number_of_a,number_of_b,number_of_used_a,number_of_used_b,status,Total cost
0,0,0,0,0,Infeasible,4746468
1,0,1,0,1,Infeasible,4733023
2,0,2,0,2,Infeasible,6028434
3,0,3,0,3,Infeasible,2210883
4,0,4,0,4,Infeasible,4475606
5,0,5,0,5,Infeasible,2142713
6,0,6,0,6,Infeasible,2204166
7,0,7,0,7,Infeasible,1768310
8,0,8,0,8,Infeasible,2727571
9,0,9,0,9,Infeasible,1544311
10,0,10,0,10,Infeasible,1502672
11,0,11,0,11,Infeasible,1523172
12,0,12,0,12,Infeasible,1499595
13,0,13,0,13,Optimal,1476856
14,0,14,0,13,Optimal,1476856
15,0,15,0,13,Optimal,1476856
16,0,16,0,13,Optimal,1476856
17,0,17,0,13,Optimal,1476856
18,0,18,0,13,Optimal,1476856
19,0,19,0,13,Optimal,1476856
20,0,20,0,13,Optimal,1476856
21,0,21,0,13,Optimal,1476856
22,0,22,0,13,Optimal,1476856
23,0,23,0,13,Optimal,1476856
24,0,24,0,13,Optimal,1476856
25,0,25,0,13,Optimal,1476856
26,0,26,0,13,Optimal,1476856
27,0,27,0,13,Optimal,1476856
28,0,28,0,13,Optimal,1476856
29,0,29,0,13,Optimal,1476856
30,0,30,0,13,Optimal,1476856
31,0,31,0,13,Optimal,1476856
32,0,32,0,13,Optimal,1476856
33,0,33,0,13,Optimal,1476856
34,0,34,0,13,Optimal,1476856
35,0,35,0,13,Optimal,1476856
36,0,36,0,13,Optimal,1476856
37,0,37,0,13,Optimal,1476856
38,0,38,0,13,Optimal,1476856
39,0,39,0,13,Optimal,1476856
40,0,40,0,13,Optimal,1476856
41,0,41,0,13,Optimal,1476856
42,0,42,0,13,Optimal,1476856
43,0,43,0,13,Optimal,1476856
44,0,44,0,13,Optimal,1476856
45,0,45,0,13,Optimal,1476856
46,0,46,0,13,Optimal,1476856
47,0,47,0,13,Optimal,1476856
48,0,48,0,13,Optimal,1476856
49,0,49,0,13,Optimal,1476856
50,1,0,1,0,Infeasible,3385638
51,1,1,1,1,Infeasible,3400145
52,1,2,1,2,Infeasible,3161883
53,1,3,1,3,Infeasible,2923621
54,1,4,1,4,Infeasible,2583973
55,1,5,1,5,Infeasible,3185751
56,1,6,1,6,Infeasible,2767165
57,1,7,1,12,Infeasible,1442464
58,1,8,1,12,Infeasible,1442464
59,1,9,1,12,Infeasible,1442464
60,1,10,1,10,Infeasible,1529925
61,1,11,1,12,Infeasible,1442464
62,1,12,1,12,Optimal,1442464
63,1,13,1,12,Optimal,1442464
64,1,14,1,12,Optimal,1442464
65,1,15,1,12,Optimal,1442464
66,1,16,1,12,Optimal,1442464
67,1,17,1,12,Optimal,1442464
68,1,18,1,12,Optimal,1442464
69,1,19,1,12,Optimal,1442464
70,1,20,1,12,Optimal,1442464
71,1,21,1,12,Optimal,1442464
72,1,22,1,12,Optimal,1442464
73,1,23,1,12,Optimal,1442464
74,1,24,1,12,Optimal,1442464
75,1,25,1,12,Optimal,1442464
76,1,26,1,12,Optimal,1442464
77,1,27,1,12,Optimal,1442464
78,1,28,1,12,Optimal,1442464
79,1,29,1,12,Optimal,1442464
80,1,30,1,12,Optimal,1442464
81,1,31,1,12,Optimal,1442464
82,1,32,1,12,Optimal,1442464
83,1,33,1,12,Optimal,1442464
84,1,34,1,12,Optimal,1442464
85,1,35,1,12,Optimal,1442464
86,1,36,1,12,Optimal,1442464
87,1,37,1,12,Optimal,1442464
88,1,38,1,12,Optimal,1442464
89,1,39,1,12,Optimal,1442464
90,1,40,1,12,Optimal,1442464
91,1,41,1,12,Optimal,1442464
92,1,42,1,12,Optimal,1442464
93,1,43,1,12,Optimal,1442464
94,1,44,1,12,Optimal,1442464
95,1,45,1,12,Optimal,1442464
96,1,46,1,12,Optimal,1442464
97,1,47,1,12,Optimal,1442464
98,1,48,1,12,Optimal,1442464
99,1,49,1,12,Optimal,1442464
100,2,0,2,0,Infeasible,4815929
101,2,1,2,1,Infeasible,2002452
102,2,2,2,2,Infeasible,1900191
103,2,3,2,3,Infeasible,1743098
104,2,4,2,4,Infeasible,3096586
105,2,5,2,5,Infeasible,1642540
106,2,6,2,6,Infeasible,1522666
107,2,7,2,7,Infeasible,2361014
108,2,8,2,11,Infeasible,1410163
109,2,9,2,9,Infeasible,1490578
110,2,10,2,10,Infeasible,1417780
111,2,11,2,11,Optimal,1410163
112,2,12,2,11,Optimal,1410163
113,2,13,2,11,Optimal,1410163
114,2,14,2,11,Optimal,1410163
115,2,15,2,11,Optimal,1410163
116,2,16,2,11,Optimal,1410163
117,2,17,2,11,Optimal,1410163
118,2,18,2,11,Optimal,1410163
119,2,19,2,11,Optimal,1410163
120,2,20,2,11,Optimal,1410163
121,2,21,2,11,Optimal,1410163
122,2,22,2,11,Optimal,1410163
123,2,23,2,11,Optimal,1410163
124,2,24,2,11,Optimal,1410163
125,2,25,2,11,Optimal,1410163
126,2,26,2,11,Optimal,1410163
127,2,27,2,11,Optimal,1410163
128,2,28,2,11,Optimal,1410163
129,2,29,2,11,Optimal,1410163
130,2,30,2,11,Optimal,1410163
131,2,31,2,11,Optimal,1410163
132,2,32,2,11,Optimal,1410163
133,2,33,2,11,Optimal,1410163
134,2,34,2,11,Optimal,1410163
135,2,35,2,11,Optimal,1410163
136,2,36,2,11,Optimal,1410163
137,2,37,2,11,Optimal,1410163
138,2,38,2,11,Optimal,1410163
139,2,39,2,11,Optimal,1410163
140,2,40,2,11,Optimal,1410163
141,2,41,2,11,Optimal,1410163
142,2,42,2,11,Optimal,1410163
143,2,43,2,11,Optimal,1410163
144,2,44,2,11,Optimal,1410163
145,2,45,2,11,Optimal,1410163
146,2,46,2,11,Optimal,1410163
147,2,47,2,11,Optimal,1410163
148,2,48,2,11,Optimal,1410163
149,2,49,2,11,Optimal,1410163
150,3,0,3,0,Infeasible,1719023
151,3,1,3,1,Infeasible,5158626
152,3,2,3,2,Infeasible,4593383
153,3,3,3,3,Infeasible,4802024
154,3,4,3,4,Infeasible,2813137
155,3,5,3,5,Infeasible,2542968
156,3,6,3,6,Infeasible,2559170
157,3,7,3,10,Infeasible,1378429
158,3,8,3,8,Infeasible,1447302
159,3,9,3,9,Infeasible,1378430
160,3,10,3,10,Optimal,1378429
161,3,11,3,10,Optimal,1378429
162,3,12,3,10,Optimal,1378429
163,3,13,3,10,Optimal,1378429
164,3,14,3,10,Optimal,1378429
165,3,15,3,10,Optimal,1378429
166,3,16,3,10,Optimal,1378429
167,3,17,3,10,Optimal,1378429
168,3,18,3,10,Optimal,1378429
169,3,19,3,10,Optimal,1378429
170,3,20,3,10,Optimal,1378429
171,3,21,3,10,Optimal,1378429
172,3,22,3,10,Optimal,1378429
173,3,23,3,10,Optimal,1378429
174,3,24,3,10,Optimal,1378429
175,3,25,3,10,Optimal,1378429
176,3,26,3,10,Optimal,1378429
177,3,27,3,10,Optimal,1378429
178,3,28,3,10,Optimal,1378429
179,3,29,3,10,Optimal,1378429
180,3,30,3,10,Optimal,1378429
181,3,31,3,10,Optimal,1378429
182,3,32,3,10,Optimal,1378429
183,3,33,3,10,Optimal,1378429
184,3,34,3,10,Optimal,1378429
185,3,35,3,10,Optimal,1378429
186,3,36,3,10,Optimal,1378429
187,3,37,3,10,Optimal,1378429
188,3,38,3,10,Optimal,1378429
189,3,39,3,10,Optimal,1378429
190,3,40,3,10,Optimal,1378429
191,3,41,3,10,Optimal,1378429
192,3,42,3,10,Optimal,1378429
193,3,43,3,10,Optimal,1378429
194,3,44,3,10,Optimal,1378429
195,3,45,3,10,Optimal,1378429
196,3,46,3,10,Optimal,1378429
197,3,47,3,10,Optimal,1378429
198,3,48,3,10,Optimal,1378429
199,3,49,3,10,Optimal,1378429
200,4,0,4,0,Infeasible,4697114
201,4,1,4,1,Infeasible,4179531
202,4,2,4,2,Infeasible,3097621
203,4,3,4,3,Infeasible,1533127
204,4,4,4,4,Infeasible,3164674
205,4,5,4,5,Infeasible,2575015
206,4,6,4,6,Infeasible,2319498
207,4,7,4,7,Infeasible,1386525
208,4,8,4,8,Infeasible,1354436
209,4,9,4,9,Optimal,1349405
210,4,10,4,10,Optimal,1348379
211,4,11,4,10,Optimal,1348379
212,4,12,4,10,Optimal,1348379
213,4,13,4,10,Optimal,1348379
214,4,14,4,10,Optimal,1348379
215,4,15,4,10,Optimal,1348379
216,4,16,4,10,Optimal,1348379
217,4,17,4,10,Optimal,1348379
218,4,18,4,10,Optimal,1348379
219,4,19,4,10,Optimal,1348379
220,4,20,4,10,Optimal,1348379
221,4,21,4,10,Optimal,1348379
222,4,22,4,10,Optimal,1348379
223,4,23,4,10,Optimal,1348379
224,4,24,4,10,Optimal,1348379
225,4,25,4,10,Optimal,1348379
226,4,26,4,10,Optimal,1348379
227,4,27,4,10,Optimal,1348379
228,4,28,4,10,Optimal,1348379
229,4,29,4,10,Optimal,1348379
230,4,30,4,10,Optimal,1348379
231,4,31,4,10,Optimal,1348379
232,4,32,4,10,Optimal,1348379
233,4,33,4,10,Optimal,1348379
234,4,34,4,10,Optimal,1348379
235,4,35,4,10,Optimal,1348379
236,4,36,4,10,Optimal,1348379
237,4,37,4,10,Optimal,1348379
238,4,38,4,10,Optimal,1348379
239,4,39,4,10,Optimal,1348379
240,4,40,4,10,Optimal,1348379
241,4,41,4,10,Optimal,1348379
242,4,42,4,10,Optimal,1348379
243,4,43,4,10,Optimal,1348379
244,4,44,4,10,Optimal,1348379
245,4,45,4,10,Optimal,1348379
246,4,46,4,10,Optimal,1348379
247,4,47,4,10,Optimal,1348379
248,4,48,4,10,Optimal,1348379
249,4,49,4,10,Optimal,1348379
250,5,0,5,0,Infeasible,2487362
251,5,1,5,1,Infeasible,4115750
252,5,2,5,2,Infeasible,3388765
253,5,3,5,3,Infeasible,2289051
254,5,4,5,4,Infeasible,2167053
255,5,5,5,5,Infeasible,1578869
256,5,6,5,6,Infeasible,1375315
257,5,7,5,7,Infeasible,1326897
258,5,8,5,8,Optimal,1318733
259,5,9,5,8,Optimal,1318733
260,5,10,5,8,Optimal,1318733
261,5,11,5,8,Optimal,1318733
262,5,12,5,8,Optimal,1318733
263,5,13,5,8,Optimal,1318733
264,5,14,5,8,Optimal,1318733
265,5,15,5,8,Optimal,1318733
266,5,16,5,8,Optimal,1318733
267,5,17,5,8,Optimal,1318733
268,5,18,5,8,Optimal,1318733
269,5,19,5,8,Optimal,1318733
270,5,20,5,8,Optimal,1318733
271,5,21,5,8,Optimal,1318733
272,5,22,5,8,Optimal,1318733
273,5,23,5,8,Optimal,1318733
274,5,24,5,8,Optimal,1318733
275,5,25,5,8,Optimal,1318733
276,5,26,5,8,Optimal,1318733
277,5,27,5,8,Optimal,1318733
278,5,28,5,8,Optimal,1318733
279,5,29,5,8,Optimal,1318733
280,5,30,5,8,Optimal,1318733
281,5,31,5,8,Optimal,1318733
282,5,32,5,8,Optimal,1318733
283,5,33,5,8,Optimal,1318733
284,5,34,5,8,Optimal,1318733
285,5,35,5,8,Optimal,1318733
286,5,36,5,8,Optimal,1318733
287,5,37,5,8,Optimal,1318733
288,5,38,5,8,Optimal,1318733
289,5,39,5,8,Optimal,1318733
290,5,40,5,8,Optimal,1318733
291,5,41,5,8,Optimal,1318733
292,5,42,5,8,Optimal,1318733
293,5,43,5,8,Optimal,1318733
294,5,44,5,8,Optimal,1318733
295,5,45,5,8,Optimal,1318733
296,5,46,5,8,Optimal,1318733
297,5,47,5,8,Optimal,1318733
298,5,48,5,8,Optimal,1318733
299,5,49,5,8,Optimal,1318733
300,6,0,6,0,Infeasible,3539713
301,6,1,6,1,Infeasible,3632144
302,6,2,6,2,Infeasible,2609224
303,6,3,6,3,Infeasible,2085714
304,6,4,6,4,Infeasible,1709557
305,6,5,6,5,Infeasible,1329517
306,6,6,5,5,Infeasible,914310
307,6,7,6,7,Optimal,1298026
308,6,8,6,8,Optimal,1294216
309,6,9,6,8,Optimal,1294216
310,6,10,6,8,Optimal,1294216
311,6,11,6,8,Optimal,1294216
312,6,12,6,8,Optimal,1294216
313,6,13,6,8,Optimal,1294216
314,6,14,6,8,Optimal,1294216
315,6,15,6,8,Optimal,1294216
316,6,16,6,8,Optimal,1294216
317,6,17,6,8,Optimal,1294216
318,6,18,6,8,Optimal,1294216
319,6,19,6,8,Optimal,1294216
320,6,20,6,8,Optimal,1294216
321,6,21,6,8,Optimal,1294216
322,6,22,6,8,Optimal,1294216
323,6,23,6,8,Optimal,1294216
324,6,24,6,8,Optimal,1294216
325,6,25,6,8,Optimal,1294216
326,6,26,6,8,Optimal,1294216
327,6,27,6,8,Optimal,1294216
328,6,28,6,8,Optimal,1294216
329,6,29,6,8,Optimal,1294216
330,6,30,6,8,Optimal,1294216
331,6,31,6,8,Optimal,1294216
332,6,32,6,8,Optimal,1294216
333,6,33,6,8,Optimal,1294216
334,6,34,6,8,Optimal,1294216
335,6,35,6,8,Optimal,1294216
336,6,36,6,8,Optimal,1294216
337,6,37,6,8,Optimal,1294216
338,6,38,6,8,Optimal,1294216
339,6,39,6,8,Optimal,1294216
340,6,40,6,8,Optimal,1294216
341,6,41,6,8,Optimal,1294216
342,6,42,6,8,Optimal,1294216
343,6,43,6,8,Optimal,1294216
344,6,44,6,8,Optimal,1294216
345,6,45,6,8,Optimal,1294216
346,6,46,6,8,Optimal,1294216
347,6,47,6,8,Optimal,1294216
348,6,48,6,8,Optimal,1294216
349,6,49,6,8,Optimal,1294216
350,7,0,7,0,Infeasible,1786602
351,7,1,7,1,Infeasible,2815299
352,7,2,7,2,Infeasible,2234105
353,7,3,7,3,Infeasible,1851548
354,7,4,7,4,Infeasible,1304740
355,7,5,7,5,Infeasible,1278449
356,7,6,7,6,Optimal,1271708
357,7,7,7,6,Optimal,1271708
358,7,8,7,6,Optimal,1271708
359,7,9,7,6,Optimal,1271708
360,7,10,7,6,Optimal,1271708
361,7,11,7,6,Optimal,1271708
362,7,12,7,6,Optimal,1271708
363,7,13,7,6,Optimal,1271708
364,7,14,7,6,Optimal,1271708
365,7,15,7,6,Optimal,1271708
366,7,16,7,6,Optimal,1271708
367,7,17,7,6,Optimal,1271708
368,7,18,7,6,Optimal,1271708
369,7,19,7,6,Optimal,1271708
370,7,20,7,6,Optimal,1271708
371,7,21,7,6,Optimal,1271708
372,7,22,7,6,Optimal,1271708
373,7,23,7,6,Optimal,1271708
374,7,24,7,6,Optimal,1271708
375,7,25,7,6,Optimal,1271708
376,7,26,7,6,Optimal,1271708
377,7,27,7,6,Optimal,1271708
378,7,28,7,6,Optimal,1271708
379,7,29,7,6,Optimal,1271708
380,7,30,7,6,Optimal,1271708
381,7,31,7,6,Optimal,1271708
382,7,32,7,6,Optimal,1271708
383,7,33,7,6,Optimal,1271708
384,7,34,7,6,Optimal,1271708
385,7,35,7,6,Optimal,1271708
386,7,36,7,6,Optimal,1271708
387,7,37,7,6,Optimal,1271708
388,7,38,7,6,Optimal,1271708
389,7,39,7,6,Optimal,1271708
390,7,40,7,6,Optimal,1271708
391,7,41,7,6,Optimal,1271708
392,7,42,7,6,Optimal,1271708
393,7,43,7,6,Optimal,1271708
394,7,44,7,6,Optimal,1271708
395,7,45,7,6,Optimal,1271708
396,7,46,7,6,Optimal,1271708
397,7,47,7,6,Optimal,1271708
398,7,48,7,6,Optimal,1271708
399,7,49,7,6,Optimal,1271708
400,8,0,8,0,Infeasible,1481363
401,8,1,8,5,Infeasible,1251725
402,8,2,8,5,Infeasible,1251725
403,8,3,8,3,Infeasible,1287217
404,8,4,8,4,Infeasible,1252659
405,8,5,8,5,Optimal,1251725
406,8,6,8,5,Optimal,1251725
407,8,7,8,5,Optimal,1251725
408,8,8,8,5,Optimal,1251725
409,8,9,8,5,Optimal,1251725
410,8,10,8,5,Optimal,1251725
411,8,11,8,5,Optimal,1251725
412,8,12,8,5,Optimal,1251725
413,8,13,8,5,Optimal,1251725
414,8,14,8,5,Optimal,1251725
415,8,15,8,5,Optimal,1251725
416,8,16,8,5,Optimal,1251725
417,8,17,8,5,Optimal,1251725
418,8,18,8,5,Optimal,1251725
419,8,19,8,5,Optimal,1251725
420,8,20,8,5,Optimal,1251725
421,8,21,8,5,Optimal,1251725
422,8,22,8,5,Optimal,1251725
423,8,23,8,5,Optimal,1251725
424,8,24,8,5,Optimal,1251725
425,8,25,8,5,Optimal,1251725
426,8,26,8,5,Optimal,1251725
427,8,27,8,5,Optimal,1251725
428,8,28,8,5,Optimal,1251725
429,8,29,8,5,Optimal,1251725
430,8,30,8,5,Optimal,1251725
431,8,31,8,5,Optimal,1251725
432,8,32,8,5,Optimal,1251725
433,8,33,8,5,Optimal,1251725
434,8,34,8,5,Optimal,1251725
435,8,35,8,5,Optimal,1251725
436,8,36,8,5,Optimal,1251725
437,8,37,8,5,Optimal,1251725
438,8,38,8,5,Optimal,1251725
439,8,39,8,5,Optimal,1251725
440,8,40,8,5,Optimal,1251725
441,8,41,8,5,Optimal,1251725
442,8,42,8,5,Optimal,1251725
443,8,43,8,5,Optimal,1251725
444,8,44,8,5,Optimal,1251725
445,8,45,8,5,Optimal,1251725
446,8,46,8,5,Optimal,1251725
447,8,47,8,5,Optimal,1251725
448,8,48,8,5,Optimal,1251725
449,8,49,8,5,Optimal,1251725
450,9,0,9,0,Infeasible,1463030
451,9,1,9,4,Infeasible,1233464
452,9,2,9,2,Infeasible,1270692
453,9,3,8,2,Infeasible,1044747
454,9,4,9,4,Optimal,1233464
455,9,5,9,4,Optimal,1233464
456,9,6,9,4,Optimal,1233464
457,9,7,9,4,Optimal,1233464
458,9,8,9,4,Optimal,1233464
459,9,9,9,4,Optimal,1233464
460,9,10,9,4,Optimal,1233464
461,9,11,9,4,Optimal,1233464
462,9,12,9,4,Optimal,1233464
463,9,13,9,4,Optimal,1233464
464,9,14,9,4,Optimal,1233464
465,9,15,9,4,Optimal,1233464
466,9,16,9,4,Optimal,1233464
467,9,17,9,4,Optimal,1233464
468,9,18,9,4,Optimal,1233464
469,9,19,9,4,Optimal,1233464
470,9,20,9,4,Optimal,1233464
471,9,21,9,4,Optimal,1233464
472,9,22,9,4,Optimal,1233464
473,9,23,9,4,Optimal,1233464
474,9,24,9,4,Optimal,1233464
475,9,25,9,4,Optimal,1233464
476,9,26,9,4,Optimal,1233464
477,9,27,9,4,Optimal,1233464
478,9,28,9,4,Optimal,1233464
479,9,29,9,4,Optimal,1233464
480,9,30,9,4,Optimal,1233464
481,9,31,9,4,Optimal,1233464
482,9,32,9,4,Optimal,1233464
483,9,33,9,4,Optimal,1233464
484,9,34,9,4,Optimal,1233464
485,9,35,9,4,Optimal,1233464
486,9,36,9,4,Optimal,1233464
487,9,37,9,4,Optimal,1233464
488,9,38,9,4,Optimal,1233464
489,9,39,9,4,Optimal,1233464
490,9,40,9,4,Optimal,1233464
491,9,41,9,4,Optimal,1233464
492,9,42,9,4,Optimal,1233464
493,9,43,9,4,Optimal,1233464
494,9,44,9,4,Optimal,1233464
495,9,45,9,4,Optimal,1233464
496,9,46,9,4,Optimal,1233464
497,9,47,9,4,Optimal,1233464
498,9,48,9,4,Optimal,1233464
499,9,49,9,4,Optimal,1233464
500,10,0,10,0,Infeasible,1362978
501,10,1,10,1,Infeasible,1272577
502,10,2,9,1,Infeasible,1092671
503,10,3,10,3,Optimal,1216456
504,10,4,10,3,Optimal,1216456
505,10,5,10,3,Optimal,1216456
506,10,6,10,3,Optimal,1216456
507,10,7,10,3,Optimal,1216456
508,10,8,10,3,Optimal,1216456
509,10,9,10,3,Optimal,1216456
510,10,10,10,3,Optimal,1216456
511,10,11,10,3,Optimal,1216456
512,10,12,10,3,Optimal,1216456
513,10,13,10,3,Optimal,1216456
514,10,14,10,3,Optimal,1216456
515,10,15,10,3,Optimal,1216456
516,10,16,10,3,Optimal,1216456
517,10,17,10,3,Optimal,1216456
518,10,18,10,3,Optimal,1216456
519,10,19,10,3,Optimal,1216456
520,10,20,10,3,Optimal,1216456
521,10,21,10,3,Optimal,1216456
522,10,22,10,3,Optimal,1216456
523,10,23,10,3,Optimal,1216456
524,10,24,10,3,Optimal,1216456
525,10,25,10,3,Optimal,1216456
526,10,26,10,3,Optimal,1216456
527,10,27,10,3,Optimal,1216456
528,10,28,10,3,Optimal,1216456
529,10,29,10,3,Optimal,1216456
530,10,30,10,3,Optimal,1216456
531,10,31,10,3,Optimal,1216456
532,10,32,10,3,Optimal,1216456
533,10,33,10,3,Optimal,1216456
534,10,34,10,3,Optimal,1216456
535,10,35,10,3,Optimal,1216456
536,10,36,10,3,Optimal,1216456
537,10,37,10,3,Optimal,1216456
538,10,38,10,3,Optimal,1216456
539,10,39,10,3,Optimal,1216456
540,10,40,10,3,Optimal,1216456
541,10,41,10,3,Optimal,1216456
542,10,42,10,3,Optimal,1216456
543,10,43,10,3,Optimal,1216456
544,10,44,10,3,Optimal,1216456
545,10,45,10,3,Optimal,1216456
546,10,46,10,3,Optimal,1216456
547,10,47,10,3,Optimal,1216456
548,10,48,10,3,Optimal,1216456
549,10,49,10,3,Optimal,1216456
550,11,0,11,0,Infeasible,1261615
551,11,1,11,2,Infeasible,1207002
552,11,2,11,2,Optimal,1207002
553,11,3,11,2,Optimal,1207002
554,11,4,11,2,Optimal,1207002
555,11,5,11,2,Optimal,1207002
556,11,6,11,2,Optimal,1207002
557,11,7,11,2,Optimal,1207002
558,11,8,11,2,Optimal,1207002
559,11,9,11,2,Optimal,1207002
560,11,10,11,2,Optimal,1207002
561,11,11,11,2,Optimal,1207002
562,11,12,11,2,Optimal,1207002
563,11,13,11,2,Optimal,1207002
564,11,14,11,2,Optimal,1207002
565,11,15,11,2,Optimal,1207002
566,11,16,11,2,Optimal,1207002
567,11,17,11,2,Optimal,1207002
568,11,18,11,2,Optimal,1207002
569,11,19,11,2,Optimal,1207002
570,11,20,11,2,Optimal,1207002
571,11,21,11,2,Optimal,1207002
572,11,22,11,2,Optimal,1207002
573,11,23,11,2,Optimal,1207002
574,11,24,11,2,Optimal,1207002
575,11,25,11,2,Optimal,1207002
576,11,26,11,2,Optimal,1207002
577,11,27,11,2,Optimal,1207002
578,11,28,11,2,Optimal,1207002
579,11,29,11,2,Optimal,1207002
580,11,30,11,2,Optimal,1207002
581,11,31,11,2,Optimal,1207002
582,11,32,11,2,Optimal,1207002
583,11,33,11,2,Optimal,1207002
584,11,34,11,2,Optimal,1207002
585,11,35,11,2,Optimal,1207002
586,11,36,11,2,Optimal,1207002
587,11,37,11,2,Optimal,1207002
588,11,38,11,2,Optimal,1207002
589,11,39,11,2,Optimal,1207002
590,11,40,11,2,Optimal,1207002
591,11,41,11,2,Optimal,1207002
592,11,42,11,2,Optimal,1207002
593,11,43,11,2,Optimal,1207002
594,11,44,11,2,Optimal,1207002
595,11,45,11,2,Optimal,1207002
596,11,46,11,2,Optimal,1207002
597,11,47,11,2,Optimal,1207002
598,11,48,11,2,Optimal,1207002
599,11,49,11,2,Optimal,1207002
600,12,0,12,0,Infeasible,1227223
601,12,1,12,1,Optimal,1201209
602,12,2,12,1,Optimal,1201209
603,12,3,12,1,Optimal,1201209
604,12,4,12,1,Optimal,1201209
605,12,5,12,1,Optimal,1201209
606,12,6,12,1,Optimal,1201209
607,12,7,12,1,Optimal,1201209
608,12,8,12,1,Optimal,1201209
609,12,9,12,1,Optimal,1201209
610,12,10,12,1,Optimal,1201209
611,12,11,12,1,Optimal,1201209
612,12,12,12,1,Optimal,1201209
613,12,13,12,1,Optimal,1201209
614,12,14,12,1,Optimal,1201209
615,12,15,12,1,Optimal,1201209
616,12,16,12,1,Optimal,1201209
617,12,17,12,1,Optimal,1201209
618,12,18,12,1,Optimal,1201209
619,12,19,12,1,Optimal,1201209
620,12,20,12,1,Optimal,1201209
621,12,21,12,1,Optimal,1201209
622,12,22,12,1,Optimal,1201209
623,12,23,12,1,Optimal,1201209
624,12,24,12,1,Optimal,1201209
625,12,25,12,1,Optimal,1201209
626,12,26,12,1,Optimal,1201209
627,12,27,12,1,Optimal,1201209
628,12,28,12,1,Optimal,1201209
629,12,29,12,1,Optimal,1201209
630,12,30,12,1,Optimal,1201209
631,12,31,12,1,Optimal,1201209
632,12,32,12,1,Optimal,1201209
633,12,33,12,1,Optimal,1201209
634,12,34,12,1,Optimal,1201209
635,12,35,12,1,Optimal,1201209
636,12,36,12,1,Optimal,1201209
637,12,37,12,1,Optimal,1201209
638,12,38,12,1,Optimal,1201209
639,12,39,12,1,Optimal,1201209
640,12,40,12,1,Optimal,1201209
641,12,41,12,1,Optimal,1201209
642,12,42,12,1,Optimal,1201209
643,12,43,12,1,Optimal,1201209
644,12,44,12,1,Optimal,1201209
645,12,45,12,1,Optimal,1201209
646,12,46,12,1,Optimal,1201209
647,12,47,12,1,Optimal,1201209
648,12,48,12,1,Optimal,1201209
649,12,49,12,1,Optimal,1201209
650,13,0,13,0,Optimal,1198540
651,13,1,13,0,Optimal,1198540
652,13,2,13,0,Optimal,1198540
653,13,3,13,0,Optimal,1198540
654,13,4,13,0,Optimal,1198540
655,13,5,13,0,Optimal,1198540
656,13,6,13,0,Optimal,1198540
657,13,7,13,0,Optimal,1198540
658,13,8,13,0,Optimal,1198540
659,13,9,13,0,Optimal,1198540
660,13,10,13,0,Optimal,1198540
661,13,11,13,0,Optimal,1198540
662,13,12,13,0,Optimal,1198540
663,13,13,13,0,Optimal,1198540
664,13,14,13,0,Optimal,1198540
665,13,15,13,0,Optimal,1198540
666,13,16,13,0,Optimal,1198540
667,13,17,13,0,Optimal,1198540
668,13,18,13,0,Optimal,1198540
669,13,19,13,0,Optimal,1198540
670,13,20,13,0,Optimal,1198540
671,13,21,13,0,Optimal,1198540
672,13,22,13,0,Optimal,1198540
673,13,23,13,0,Optimal,1198540
674,13,24,13,0,Optimal,1198540
675,13,25,13,0,Optimal,1198540
676,13,26,13,0,Optimal,1198540
677,13,27,13,0,Optimal,1198540
678,13,28,13,0,Optimal,1198540
679,13,29,13,0,Optimal,1198540
680,13,30,13,0,Optimal,1198540
681,13,31,13,0,Optimal,1198540
682,13,32,13,0,Optimal,1198540
683,13,33,13,0,Optimal,1198540
684,13,34,13,0,Optimal,1198540
685,13,35,13,0,Optimal,1198540
686,13,36,13,0,Optimal,1198540
687,13,37,13,0,Optimal,1198540
688,13,38,13,0,Optimal,1198540
689,13,39,13,0,Optimal,1198540
690,13,40,13,0,Optimal,1198540
691,13,41,13,0,Optimal,1198540
692,13,42,13,0,Optimal,1198540
693,13,43,13,0,Optimal,1198540
694,13,44,13,0,Optimal,1198540
695,13,45,13,0,Optimal,1198540
696,13,46,13,0,Optimal,1198540
697,13,47,13,0,Optimal,1198540
698,13,48,13,0,Optimal,1198540
699,13,49,13,0,Optimal,1198540
700,14,0,13,0,Optimal,1198540
701,14,1,13,0,Optimal,1198540
702,14,2,13,0,Optimal,1198540
703,14,3,13,0,Optimal,1198540
704,14,4,13,0,Optimal,1198540
705,14,5,13,0,Optimal,1198540
706,14,6,13,0,Optimal,1198540
707,14,7,13,0,Optimal,1198540
708,14,8,13,0,Optimal,1198540
709,14,9,13,0,Optimal,1198540
710,14,10,13,0,Optimal,1198540
711,14,11,13,0,Optimal,1198540
712,14,12,13,0,Optimal,1198540
713,14,13,13,0,Optimal,1198540
714,14,14,13,0,Optimal,1198540
715,14,15,13,0,Optimal,1198540
716,14,16,13,0,Optimal,1198540
717,14,17,13,0,Optimal,1198540
718,14,18,13,0,Optimal,1198540
719,14,19,13,0,Optimal,1198540
720,14,20,13,0,Optimal,1198540
721,14,21,13,0,Optimal,1198540
722,14,22,13,0,Optimal,1198540
723,14,23,13,0,Optimal,1198540
724,14,24,13,0,Optimal,1198540
725,14,25,13,0,Optimal,1198540
726,14,26,13,0,Optimal,1198540
727,14,27,13,0,Optimal,1198540
728,14,28,13,0,Optimal,1198540
729,14,29,13,0,Optimal,1198540
730,14,30,13,0,Optimal,1198540
731,14,31,13,0,Optimal,1198540
732,14,32,13,0,Optimal,1198540
733,14,33,13,0,Optimal,1198540
734,14,34,13,0,Optimal,1198540
735,14,35,13,0,Optimal,1198540
736,14,36,13,0,Optimal,1198540
737,14,37,13,0,Optimal,1198540
738,14,38,13,0,Optimal,1198540
739,14,39,13,0,Optimal,1198540
740,14,40,13,0,Optimal,1198540
741,14,41,13,0,Optimal,1198540
742,14,42,13,0,Optimal,1198540
743,14,43,13,0,Optimal,1198540
744,14,44,13,0,Optimal,1198540
745,14,45,13,0,Optimal,1198540
746,14,46,13,0,Optimal,1198540
747,14,47,13,0,Optimal,1198540
748,14,48,13,0,Optimal,1198540
749,14,49,13,0,Optimal,1198540
750,15,0,13,0,Optimal,1198540
751,15,1,13,0,Optimal,1198540
752,15,2,13,0,Optimal,1198540
753,15,3,13,0,Optimal,1198540
754,15,4,13,0,Optimal,1198540
755,15,5,13,0,Optimal,1198540
756,15,6,13,0,Optimal,1198540
757,15,7,13,0,Optimal,1198540
758,15,8,13,0,Optimal,1198540
759,15,9,13,0,Optimal,1198540
760,15,10,13,0,Optimal,1198540
761,15,11,13,0,Optimal,1198540
762,15,12,13,0,Optimal,1198540
763,15,13,13,0,Optimal,1198540
764,15,14,13,0,Optimal,1198540
765,15,15,13,0,Optimal,1198540
766,15,16,13,0,Optimal,1198540
767,15,17,13,0,Optimal,1198540
768,15,18,13,0,Optimal,1198540
769,15,19,13,0,Optimal,1198540
770,15,20,13,0,Optimal,1198540
771,15,21,13,0,Optimal,1198540
772,15,22,13,0,Optimal,1198540
773,15,23,13,0,Optimal,1198540
774,15,24,13,0,Optimal,1198540
775,15,25,13,0,Optimal,1198540
776,15,26,13,0,Optimal,1198540
777,15,27,13,0,Optimal,1198540
778,15,28,13,0,Optimal,1198540
779,15,29,13,0,Optimal,1198540
780,15,30,13,0,Optimal,1198540
781,15,31,13,0,Optimal,1198540
782,15,32,13,0,Optimal,1198540
783,15,33,13,0,Optimal,1198540
784,15,34,13,0,Optimal,1198540
785,15,35,13,0,Optimal,1198540
786,15,36,13,0,Optimal,1198540
787,15,37,13,0,Optimal,1198540
788,15,38,13,0,Optimal,1198540
789,15,39,13,0,Optimal,1198540
790,15,40,13,0,Optimal,1198540
791,15,41,13,0,Optimal,1198540
792,15,42,13,0,Optimal,1198540
793,15,43,13,0,Optimal,1198540
794,15,44,13,0,Optimal,1198540
795,15,45,13,0,Optimal,1198540
796,15,46,13,0,Optimal,1198540
797,15,47,13,0,Optimal,1198540
798,15,48,13,0,Optimal,1198540
799,15,49,13,0,Optimal,1198540
800,16,0,13,0,Optimal,1198540
801,16,1,13,0,Optimal,1198540
802,16,2,13,0,Optimal,1198540
803,16,3,13,0,Optimal,1198540
804,16,4,13,0,Optimal,1198540
805,16,5,13,0,Optimal,1198540
806,16,6,13,0,Optimal,1198540
807,16,7,13,0,Optimal,1198540
808,16,8,13,0,Optimal,1198540
809,16,9,13,0,Optimal,1198540
810,16,10,13,0,Optimal,1198540
811,16,11,13,0,Optimal,1198540
812,16,12,13,0,Optimal,1198540
813,16,13,13,0,Optimal,1198540
814,16,14,13,0,Optimal,1198540
815,16,15,13,0,Optimal,1198540
816,16,16,13,0,Optimal,1198540
817,16,17,13,0,Optimal,1198540
818,16,18,13,0,Optimal,1198540
819,16,19,13,0,Optimal,1198540
820,16,20,13,0,Optimal,1198540
821,16,21,13,0,Optimal,1198540
822,16,22,13,0,Optimal,1198540
823,16,23,13,0,Optimal,1198540
824,16,24,13,0,Optimal,1198540
825,16,25,13,0,Optimal,1198540
826,16,26,13,0,Optimal,1198540
827,16,27,13,0,Optimal,1198540
828,16,28,13,0,Optimal,1198540
829,16,29,13,0,Optimal,1198540
830,16,30,13,0,Optimal,1198540
831,16,31,13,0,Optimal,1198540
832,16,32,13,0,Optimal,1198540
833,16,33,13,0,Optimal,1198540
834,16,34,13,0,Optimal,1198540
835,16,35,13,0,Optimal,1198540
836,16,36,13,0,Optimal,1198540
837,16,37,13,0,Optimal,1198540
838,16,38,13,0,Optimal,1198540
839,16,39,13,0,Optimal,1198540
840,16,40,13,0,Optimal,1198540
841,16,41,13,0,Optimal,1198540
842,16,42,13,0,Optimal,1198540
843,16,43,13,0,Optimal,1198540
844,16,44,13,0,Optimal,1198540
845,16,45,13,0,Optimal,1198540
846,16,46,13,0,Optimal,1198540
847,16,47,13,0,Optimal,1198540
848,16,48,13,0,Optimal,1198540
849,16,49,13,0,Optimal,1198540
850,17,0,13,0,Optimal,1198540
851,17,1,13,0,Optimal,1198540
852,17,2,13,0,Optimal,1198540
853,17,3,13,0,Optimal,1198540
854,17,4,13,0,Optimal,1198540
855,17,5,13,0,Optimal,1198540
856,17,6,13,0,Optimal,1198540
857,17,7,13,0,Optimal,1198540
858,17,8,13,0,Optimal,1198540
859,17,9,13,0,Optimal,1198540
860,17,10,13,0,Optimal,1198540
861,17,11,13,0,Optimal,1198540
862,17,12,13,0,Optimal,1198540
863,17,13,13,0,Optimal,1198540
864,17,14,13,0,Optimal,1198540
865,17,15,13,0,Optimal,1198540
866,17,16,13,0,Optimal,1198540
867,17,17,13,0,Optimal,1198540
868,17,18,13,0,Optimal,1198540
869,17,19,13,0,Optimal,1198540
870,17,20,13,0,Optimal,1198540
871,17,21,13,0,Optimal,1198540
872,17,22,13,0,Optimal,1198540
873,17,23,13,0,Optimal,1198540
874,17,24,13,0,Optimal,1198540
875,17,25,13,0,Optimal,1198540
876,17,26,13,0,Optimal,1198540
877,17,27,13,0,Optimal,1198540
878,17,28,13,0,Optimal,1198540
879,17,29,13,0,Optimal,1198540
880,17,30,13,0,Optimal,1198540
881,17,31,13,0,Optimal,1198540
882,17,32,13,0,Optimal,1198540
883,17,33,13,0,Optimal,1198540
884,17,34,13,0,Optimal,1198540
885,17,35,13,0,Optimal,1198540
886,17,36,13,0,Optimal,1198540
887,17,37,13,0,Optimal,1198540
888,17,38,13,0,Optimal,1198540
889,17,39,13,0,Optimal,1198540
890,17,40,13,0,Optimal,1198540
891,17,41,13,0,Optimal,1198540
892,17,42,13,0,Optimal,1198540
893,17,43,13,0,Optimal,1198540
894,17,44,13,0,Optimal,1198540
895,17,45,13,0,Optimal,1198540
896,17,46,13,0,Optimal,1198540
897,17,47,13,0,Optimal,1198540
898,17,48,13,0,Optimal,1198540
899,17,49,13,0,Optimal,1198540
900,18,0,13,0,Optimal,1198540
901,18,1,13,0,Optimal,1198540
902,18,2,13,0,Optimal,1198540
903,18,3,13,0,Optimal,1198540
904,18,4,13,0,Optimal,1198540
905,18,5,13,0,Optimal,1198540
906,18,6,13,0,Optimal,1198540
907,18,7,13,0,Optimal,1198540
908,18,8,13,0,Optimal,1198540
909,18,9,13,0,Optimal,1198540
910,18,10,13,0,Optimal,1198540
911,18,11,13,0,Optimal,1198540
912,18,12,13,0,Optimal,1198540
913,18,13,13,0,Optimal,1198540
914,18,14,13,0,Optimal,1198540
915,18,15,13,0,Optimal,1198540
916,18,16,13,0,Optimal,1198540
917,18,17,13,0,Optimal,1198540
918,18,18,13,0,Optimal,1198540
919,18,19,13,0,Optimal,1198540
920,18,20,13,0,Optimal,1198540
921,18,21,13,0,Optimal,1198540
922,18,22,13,0,Optimal,1198540
923,18,23,13,0,Optimal,1198540
924,18,24,13,0,Optimal,1198540
925,18,25,13,0,Optimal,1198540
926,18,26,13,0,Optimal,1198540
927,18,27,13,0,Optimal,1198540
928,18,28,13,0,Optimal,1198540
929,18,29,13,0,Optimal,1198540
930,18,30,13,0,Optimal,1198540
931,18,31,13,0,Optimal,1198540
932,18,32,13,0,Optimal,1198540
933,18,33,13,0,Optimal,1198540
934,18,34,13,0,Optimal,1198540
935,18,35,13,0,Optimal,1198540
936,18,36,13,0,Optimal,1198540
937,18,37,13,0,Optimal,1198540
938,18,38,13,0,Optimal,1198540
939,18,39,13,0,Optimal,1198540
940,18,40,13,0,Optimal,1198540
941,18,41,13,0,Optimal,1198540
942,18,42,13,0,Optimal,1198540
943,18,43,13,0,Optimal,1198540
944,18,44,13,0,Optimal,1198540
945,18,45,13,0,Optimal,1198540
946,18,46,13,0,Optimal,1198540
947,18,47,13,0,Optimal,1198540
948,18,48,13,0,Optimal,1198540
949,18,49,13,0,Optimal,1198540
950,19,0,13,0,Optimal,1198540
951,19,1,13,0,Optimal,1198540
952,19,2,13,0,Optimal,1198540
953,19,3,13,0,Optimal,1198540
954,19,4,13,0,Optimal,1198540
955,19,5,13,0,Optimal,1198540
956,19,6,13,0,Optimal,1198540
957,19,7,13,0,Optimal,1198540
958,19,8,13,0,Optimal,1198540
959,19,9,13,0,Optimal,1198540
960,19,10,13,0,Optimal,1198540
961,19,11,13,0,Optimal,1198540
962,19,12,13,0,Optimal,1198540
963,19,13,13,0,Optimal,1198540
964,19,14,13,0,Optimal,1198540
965,19,15,13,0,Optimal,1198540
966,19,16,13,0,Optimal,1198540
967,19,17,13,0,Optimal,1198540
968,19,18,13,0,Optimal,1198540
969,19,19,13,0,Optimal,1198540
970,19,20,13,0,Optimal,1198540
971,19,21,13,0,Optimal,1198540
972,19,22,13,0,Optimal,1198540
973,19,23,13,0,Optimal,1198540
974,19,24,13,0,Optimal,1198540
975,19,25,13,0,Optimal,1198540
976,19,26,13,0,Optimal,1198540
977,19,27,13,0,Optimal,1198540
978,19,28,13,0,Optimal,1198540
979,19,29,13,0,Optimal,1198540
980,19,30,13,0,Optimal,1198540
981,19,31,13,0,Optimal,1198540
982,19,32,13,0,Optimal,1198540
983,19,33,13,0,Optimal,1198540
984,19,34,13,0,Optimal,1198540
985,19,35,13,0,Optimal,1198540
986,19,36,13,0,Optimal,1198540
987,19,37,13,0,Optimal,1198540
988,19,38,13,0,Optimal,1198540
989,19,39,13,0,Optimal,1198540
990,19,40,13,0,Optimal,1198540
991,19,41,13,0,Optimal,1198540
992,19,42,13,0,Optimal,1198540
993,19,43,13,0,Optimal,1198540
994,19,44,13,0,Optimal,1198540
995,19,45,13,0,Optimal,1198540
996,19,46,13,0,Optimal,1198540
997,19,47,13,0,Optimal,1198540
998,19,48,13,0,Optimal,1198540
999,19,49,13,0,Optimal,1198540
1000,20,0,13,0,Optimal,1198540
1001,20,1,13,0,Optimal,1198540
1002,20,2,13,0,Optimal,1198540
1003,20,3,13,0,Optimal,1198540
1004,20,4,13,0,Optimal,1198540
1005,20,5,13,0,Optimal,1198540
1006,20,6,13,0,Optimal,1198540
1007,20,7,13,0,Optimal,1198540
1008,20,8,13,0,Optimal,1198540
1009,20,9,13,0,Optimal,1198540
1010,20,10,13,0,Optimal,1198540
1011,20,11,13,0,Optimal,1198540
1012,20,12,13,0,Optimal,1198540
1013,20,13,13,0,Optimal,1198540
1014,20,14,13,0,Optimal,1198540
1015,20,15,13,0,Optimal,1198540
1016,20,16,13,0,Optimal,1198540
1017,20,17,13,0,Optimal,1198540
1018,20,18,13,0,Optimal,1198540
1019,20,19,13,0,Optimal,1198540
1020,20,20,13,0,Optimal,1198540
1021,20,21,13,0,Optimal,1198540
1022,20,22,13,0,Optimal,1198540
1023,20,23,13,0,Optimal,1198540
1024,20,24,13,0,Optimal,1198540
1025,20,25,13,0,Optimal,1198540
1026,20,26,13,0,Optimal,1198540
1027,20,27,13,0,Optimal,1198540
1028,20,28,13,0,Optimal,1198540
1029,20,29,13,0,Optimal,1198540
1030,20,30,13,0,Optimal,1198540
1031,20,31,13,0,Optimal,1198540
1032,20,32,13,0,Optimal,1198540
1033,20,33,13,0,Optimal,1198540
1034,20,34,13,0,Optimal,1198540
1035,20,35,13,0,Optimal,1198540
1036,20,36,13,0,Optimal,1198540
1037,20,37,13,0,Optimal,1198540
1038,20,38,13,0,Optimal,1198540
1039,20,39,13,0,Optimal,1198540
1040,20,40,13,0,Optimal,1198540
1041,20,41,13,0,Optimal,1198540
1042,20,42,13,0,Optimal,1198540
1043,20,43,13,0,Optimal,1198540
1044,20,44,13,0,Optimal,1198540
1045,20,45,13,0,Optimal,1198540
1046,20,46,13,0,Optimal,1198540
1047,20,47,13,0,Optimal,1198540
1048,20,48,13,0,Optimal,1198540
1049,20,49,13,0,Optimal,1198540
1050,21,0,13,0,Optimal,1198540
1051,21,1,13,0,Optimal,1198540
1052,21,2,13,0,Optimal,1198540
1053,21,3,13,0,Optimal,1198540
1054,21,4,13,0,Optimal,1198540
1055,21,5,13,0,Optimal,1198540
1056,21,6,13,0,Optimal,1198540
1057,21,7,13,0,Optimal,1198540
1058,21,8,13,0,Optimal,1198540
1059,21,9,13,0,Optimal,1198540
1060,21,10,13,0,Optimal,1198540
1061,21,11,13,0,Optimal,1198540
1062,21,12,13,0,Optimal,1198540
1063,21,13,13,0,Optimal,1198540
1064,21,14,13,0,Optimal,1198540
1065,21,15,13,0,Optimal,1198540
1066,21,16,13,0,Optimal,1198540
1067,21,17,13,0,Optimal,1198540
1068,21,18,13,0,Optimal,1198540
1069,21,19,13,0,Optimal,1198540
1070,21,20,13,0,Optimal,1198540
1071,21,21,13,0,Optimal,1198540
1072,21,22,13,0,Optimal,1198540
1073,21,23,13,0,Optimal,1198540
1074,21,24,13,0,Optimal,1198540
1075,21,25,13,0,Optimal,1198540
1076,21,26,13,0,Optimal,1198540
1077,21,27,13,0,Optimal,1198540
1078,21,28,13,0,Optimal,1198540
1079,21,29,13,0,Optimal,1198540
1080,21,30,13,0,Optimal,1198540
1081,21,31,13,0,Optimal,1198540
1082,21,32,13,0,Optimal,1198540
1083,21,33,13,0,Optimal,1198540
1084,21,34,13,0,Optimal,1198540
1085,21,35,13,0,Optimal,1198540
1086,21,36,13,0,Optimal,1198540
1087,21,37,13,0,Optimal,1198540
1088,21,38,13,0,Optimal,1198540
1089,21,39,13,0,Optimal,1198540
1090,21,40,13,0,Optimal,1198540
1091,21,41,13,0,Optimal,1198540
1092,21,42,13,0,Optimal,1198540
1093,21,43,13,0,Optimal,1198540
1094,21,44,13,0,Optimal,1198540
1095,21,45,13,0,Optimal,1198540
1096,21,46,13,0,Optimal,1198540
1097,21,47,13,0,Optimal,1198540
1098,21,48,13,0,Optimal,1198540
1099,21,49,13,0,Optimal,1198540
1100,22,0,13,0,Optimal,1198540
1101,22,1,13,0,Optimal,1198540
1102,22,2,13,0,Optimal,1198540
1103,22,3,13,0,Optimal,1198540
1104,22,4,13,0,Optimal,1198540
1105,22,5,13,0,Optimal,1198540
1106,22,6,13,0,Optimal,1198540
1107,22,7,13,0,Optimal,1198540
1108,22,8,13,0,Optimal,1198540
1109,22,9,13,0,Optimal,1198540
1110,22,10,13,0,Optimal,1198540
1111,22,11,13,0,Optimal,1198540
1112,22,12,13,0,Optimal,1198540
1113,22,13,13,0,Optimal,1198540
1114,22,14,13,0,Optimal,1198540
1115,22,15,13,0,Optimal,1198540
1116,22,16,13,0,Optimal,1198540
1117,22,17,13,0,Optimal,1198540
1118,22,18,13,0,Optimal,1198540
1119,22,19,13,0,Optimal,1198540
1120,22,20,13,0,Optimal,1198540
1121,22,21,13,0,Optimal,1198540
1122,22,22,13,0,Optimal,1198540
1123,22,23,13,0,Optimal,1198540
1124,22,24,13,0,Optimal,1198540
1125,22,25,13,0,Optimal,1198540
1126,22,26,13,0,Optimal,1198540
1127,22,27,13,0,Optimal,1198540
1128,22,28,13,0,Optimal,1198540
1129,22,29,13,0,Optimal,1198540
1130,22,30,13,0,Optimal,1198540
1131,22,31,13,0,Optimal,1198540
1132,22,32,13,0,Optimal,1198540
1133,22,33,13,0,Optimal,1198540
1134,22,34,13,0,Optimal,1198540
1135,22,35,13,0,Optimal,1198540
1136,22,36,13,0,Optimal,1198540
1137,22,37,13,0,Optimal,1198540
1138,22,38,13,0,Optimal,1198540
1139,22,39,13,0,Optimal,1198540
1140,22,40,13,0,Optimal,1198540
1141,22,41,13,0,Optimal,1198540
1142,22,42,13,0,Optimal,1198540
1143,22,43,13,0,Optimal,1198540
1144,22,44,13,0,Optimal,1198540
1145,22,45,13,0,Optimal,1198540
1146,22,46,13,0,Optimal,1198540
1147,22,47,13,0,Optimal,1198540
1148,22,48,13,0,Optimal,1198540
1149,22,49,13,0,Optimal,1198540
1150,23,0,13,0,Optimal,1198540
1151,23,1,13,0,Optimal,1198540
1152,23,2,13,0,Optimal,1198540
1153,23,3,13,0,Optimal,1198540
1154,23,4,13,0,Optimal,1198540
1155,23,5,13,0,Optimal,1198540
1156,23,6,13,0,Optimal,1198540
1157,23,7,13,0,Optimal,1198540
1158,23,8,13,0,Optimal,1198540
1159,23,9,13,0,Optimal,1198540
1160,23,10,13,0,Optimal,1198540
1161,23,11,13,0,Optimal,1198540
1162,23,12,13,0,Optimal,1198540
1163,23,13,13,0,Optimal,1198540
1164,23,14,13,0,Optimal,1198540
1165,23,15,13,0,Optimal,1198540
1166,23,16,13,0,Optimal,1198540
1167,23,17,13,0,Optimal,1198540
1168,23,18,13,0,Optimal,1198540
1169,23,19,13,0,Optimal,1198540
1170,23,20,13,0,Optimal,1198540
1171,23,21,13,0,Optimal,1198540
1172,23,22,13,0,Optimal,1198540
1173,23,23,13,0,Optimal,1198540
1174,23,24,13,0,Optimal,1198540
1175,23,25,13,0,Optimal,1198540
1176,23,26,13,0,Optimal,1198540
1177,23,27,13,0,Optimal,1198540
1178,23,28,13,0,Optimal,1198540
1179,23,29,13,0,Optimal,1198540
1180,23,30,13,0,Optimal,1198540
1181,23,31,13,0,Optimal,1198540
1182,23,32,13,0,Optimal,1198540
1183,23,33,13,0,Optimal,1198540
1184,23,34,13,0,Optimal,1198540
1185,23,35,13,0,Optimal,1198540
1186,23,36,13,0,Optimal,1198540
1187,23,37,13,0,Optimal,1198540
1188,23,38,13,0,Optimal,1198540
1189,23,39,13,0,Optimal,1198540
1190,23,40,13,0,Optimal,1198540
1191,23,41,13,0,Optimal,1198540
1192,23,42,13,0,Optimal,1198540
1193,23,43,13,0,Optimal,1198540
1194,23,44,13,0,Optimal,1198540
1195,23,45,13,0,Optimal,1198540
1196,23,46,13,0,Optimal,1198540
1197,23,47,13,0,Optimal,1198540
1198,23,48,13,0,Optimal,1198540
1199,23,49,13,0,Optimal,1198540
1200,24,0,13,0,Optimal,1198540
1201,24,1,13,0,Optimal,1198540
1202,24,2,13,0,Optimal,1198540
1203,24,3,13,0,Optimal,1198540
1204,24,4,13,0,Optimal,1198540
1205,24,5,13,0,Optimal,1198540
1206,24,6,13,0,Optimal,1198540
1207,24,7,13,0,Optimal,1198540
1208,24,8,13,0,Optimal,1198540
1209,24,9,13,0,Optimal,1198540
1210,24,10,13,0,Optimal,1198540
1211,24,11,13,0,Optimal,1198540
1212,24,12,13,0,Optimal,1198540
1213,24,13,13,0,Optimal,1198540
1214,24,14,13,0,Optimal,1198540
1215,24,15,13,0,Optimal,1198540
1216,24,16,13,0,Optimal,1198540
1217,24,17,13,0,Optimal,1198540
1218,24,18,13,0,Optimal,1198540
1219,24,19,13,0,Optimal,1198540
1220,24,20,13,0,Optimal,1198540
1221,24,21,13,0,Optimal,1198540
1222,24,22,13,0,Optimal,1198540
1223,24,23,13,0,Optimal,1198540
1224,24,24,13,0,Optimal,1198540
1225,24,25,13,0,Optimal,1198540
1226,24,26,13,0,Optimal,1198540
1227,24,27,13,0,Optimal,1198540
1228,24,28,13,0,Optimal,1198540
1229,24,29,13,0,Optimal,1198540
1230,24,30,13,0,Optimal,1198540
1231,24,31,13,0,Optimal,1198540
1232,24,32,13,0,Optimal,1198540
1233,24,33,13,0,Optimal,1198540
1234,24,34,13,0,Optimal,1198540
1235,24,35,13,0,Optimal,1198540
1236,24,36,13,0,Optimal,1198540
1237,24,37,13,0,Optimal,1198540
1238,24,38,13,0,Optimal,1198540
1239,24,39,13,0,Optimal,1198540
1240,24,40,13,0,Optimal,1198540
1241,24,41,13,0,Optimal,1198540
1242,24,42,13,0,Optimal,1198540
1243,24,43,13,0,Optimal,1198540
1244,24,44,13,0,Optimal,1198540
1245,24,45,13,0,Optimal,1198540
1246,24,46,13,0,Optimal,1198540
1247,24,47,13,0,Optimal,1198540
1248,24,48,13,0,Optimal,1198540
1249,24,49,13,0,Optimal,1198540
1250,25,0,13,0,Optimal,1198540
1251,25,1,13,0,Optimal,1198540
1252,25,2,13,0,Optimal,1198540
1253,25,3,13,0,Optimal,1198540
1254,25,4,13,0,Optimal,1198540
1255,25,5,13,0,Optimal,1198540
1256,25,6,13,0,Optimal,1198540
1257,25,7,13,0,Optimal,1198540
1258,25,8,13,0,Optimal,1198540
1259,25,9,13,0,Optimal,1198540
1260,25,10,13,0,Optimal,1198540
1261,25,11,13,0,Optimal,1198540
1262,25,12,13,0,Optimal,1198540
1263,25,13,13,0,Optimal,1198540
1264,25,14,13,0,Optimal,1198540
1265,25,15,13,0,Optimal,1198540
1266,25,16,13,0,Optimal,1198540
1267,25,17,13,0,Optimal,1198540
1268,25,18,13,0,Optimal,1198540
1269,25,19,13,0,Optimal,1198540
1270,25,20,13,0,Optimal,1198540
1271,25,21,13,0,Optimal,1198540
1272,25,22,13,0,Optimal,1198540
1273,25,23,13,0,Optimal,1198540
1274,25,24,13,0,Optimal,1198540
1275,25,25,13,0,Optimal,1198540
1276,25,26,13,0,Optimal,1198540
1277,25,27,13,0,Optimal,1198540
1278,25,28,13,0,Optimal,1198540
1279,25,29,13,0,Optimal,1198540
1280,25,30,13,0,Optimal,1198540
1281,25,31,13,0,Optimal,1198540
1282,25,32,13,0,Optimal,1198540
1283,25,33,13,0,Optimal,1198540
1284,25,34,13,0,Optimal,1198540
1285,25,35,13,0,Optimal,1198540
1286,25,36,13,0,Optimal,1198540
1287,25,37,13,0,Optimal,1198540
1288,25,38,13,0,Optimal,1198540
1289,25,39,13,0,Optimal,1198540
1290,25,40,13,0,Optimal,1198540
1291,25,41,13,0,Optimal,1198540
1292,25,42,13,0,Optimal,1198540
1293,25,43,13,0,Optimal,1198540
1294,25,44,13,0,Optimal,1198540
1295,25,45,13,0,Optimal,1198540
1296,25,46,13,0,Optimal,1198540
1297,25,47,13,0,Optimal,1198540
1298,25,48,13,0,Optimal,1198540
1299,25,49,13,0,Optimal,1198540
1300,26,0,13,0,Optimal,1198540
1301,26,1,13,0,Optimal,1198540
1302,26,2,13,0,Optimal,1198540
1303,26,3,13,0,Optimal,1198540
1304,26,4,13,0,Optimal,1198540
1305,26,5,13,0,Optimal,1198540
1306,26,6,13,0,Optimal,1198540
1307,26,7,13,0,Optimal,1198540
1308,26,8,13,0,Optimal,1198540
1309,26,9,13,0,Optimal,1198540
1310,26,10,13,0,Optimal,1198540
1311,26,11,13,0,Optimal,1198540
1312,26,12,13,0,Optimal,1198540
1313,26,13,13,0,Optimal,1198540
1314,26,14,13,0,Optimal,1198540
1315,26,15,13,0,Optimal,1198540
1316,26,16,13,0,Optimal,1198540
1317,26,17,13,0,Optimal,1198540
1318,26,18,13,0,Optimal,1198540
1319,26,19,13,0,Optimal,1198540
1320,26,20,13,0,Optimal,1198540
1321,26,21,13,0,Optimal,1198540
1322,26,22,13,0,Optimal,1198540
1323,26,23,13,0,Optimal,1198540
1324,26,24,13,0,Optimal,1198540
1325,26,25,13,0,Optimal,1198540
1326,26,26,13,0,Optimal,1198540
1327,26,27,13,0,Optimal,1198540
1328,26,28,13,0,Optimal,1198540
1329,26,29,13,0,Optimal,1198540
1330,26,30,13,0,Optimal,1198540
1331,26,31,13,0,Optimal,1198540
1332,26,32,13,0,Optimal,1198540
1333,26,33,13,0,Optimal,1198540
1334,26,34,13,0,Optimal,1198540
1335,26,35,13,0,Optimal,1198540
1336,26,36,13,0,Optimal,1198540
1337,26,37,13,0,Optimal,1198540
1338,26,38,13,0,Optimal,1198540
1339,26,39,13,0,Optimal,1198540
1340,26,40,13,0,Optimal,1198540
1341,26,41,13,0,Optimal,1198540
1342,26,42,13,0,Optimal,1198540
1343,26,43,13,0,Optimal,1198540
1344,26,44,13,0,Optimal,1198540
1345,26,45,13,0,Optimal,1198540
1346,26,46,13,0,Optimal,1198540
1347,26,47,13,0,Optimal,1198540
1348,26,48,13,0,Optimal,1198540
1349,26,49,13,0,Optimal,1198540
1350,27,0,13,0,Optimal,1198540
1351,27,1,13,0,Optimal,1198540
1352,27,2,13,0,Optimal,1198540
1353,27,3,13,0,Optimal,1198540
1354,27,4,13,0,Optimal,1198540
1355,27,5,13,0,Optimal,1198540
1356,27,6,13,0,Optimal,1198540
1357,27,7,13,0,Optimal,1198540
1358,27,8,13,0,Optimal,1198540
1359,27,9,13,0,Optimal,1198540
1360,27,10,13,0,Optimal,1198540
1361,27,11,13,0,Optimal,1198540
1362,27,12,13,0,Optimal,1198540
1363,27,13,13,0,Optimal,1198540
1364,27,14,13,0,Optimal,1198540
1365,27,15,13,0,Optimal,1198540
1366,27,16,13,0,Optimal,1198540
1367,27,17,13,0,Optimal,1198540
1368,27,18,13,0,Optimal,1198540
1369,27,19,13,0,Optimal,1198540
1370,27,20,13,0,Optimal,1198540
1371,27,21,13,0,Optimal,1198540
1372,27,22,13,0,Optimal,1198540
1373,27,23,13,0,Optimal,1198540
1374,27,24,13,0,Optimal,1198540
1375,27,25,13,0,Optimal,1198540
1376,27,26,13,0,Optimal,1198540
1377,27,27,13,0,Optimal,1198540
1378,27,28,13,0,Optimal,1198540
1379,27,29,13,0,Optimal,1198540
1380,27,30,13,0,Optimal,1198540
1381,27,31,13,0,Optimal,1198540
1382,27,32,13,0,Optimal,1198540
1383,27,33,13,0,Optimal,1198540
1384,27,34,13,0,Optimal,1198540
1385,27,35,13,0,Optimal,1198540
1386,27,36,13,0,Optimal,1198540
1387,27,37,13,0,Optimal,1198540
1388,27,38,13,0,Optimal,1198540
1389,27,39,13,0,Optimal,1198540
1390,27,40,13,0,Optimal,1198540
1391,27,41,13,0,Optimal,1198540
1392,27,42,13,0,Optimal,1198540
1393,27,43,13,0,Optimal,1198540
1394,27,44,13,0,Optimal,1198540
1395,27,45,13,0,Optimal,1198540
1396,27,46,13,0,Optimal,1198540
1397,27,47,13,0,Optimal,1198540
1398,27,48,13,0,Optimal,1198540
1399,27,49,13,0,Optimal,1198540
1400,28,0,13,0,Optimal,1198540
1401,28,1,13,0,Optimal,1198540
1402,28,2,13,0,Optimal,1198540
1403,28,3,13,0,Optimal,1198540
1404,28,4,13,0,Optimal,1198540
1405,28,5,13,0,Optimal,1198540
1406,28,6,13,0,Optimal,1198540
1407,28,7,13,0,Optimal,1198540
1408,28,8,13,0,Optimal,1198540
1409,28,9,13,0,Optimal,1198540
1410,28,10,13,0,Optimal,1198540
1411,28,11,13,0,Optimal,1198540
1412,28,12,13,0,Optimal,1198540
1413,28,13,13,0,Optimal,1198540
1414,28,14,13,0,Optimal,1198540
1415,28,15,13,0,Optimal,1198540
1416,28,16,13,0,Optimal,1198540
1417,28,17,13,0,Optimal,1198540
1418,28,18,13,0,Optimal,1198540
1419,28,19,13,0,Optimal,1198540
1420,28,20,13,0,Optimal,1198540
1421,28,21,13,0,Optimal,1198540
1422,28,22,13,0,Optimal,1198540
1423,28,23,13,0,Optimal,1198540
1424,28,24,13,0,Optimal,1198540
1425,28,25,13,0,Optimal,1198540
1426,28,26,13,0,Optimal,1198540
1427,28,27,13,0,Optimal,1198540
1428,28,28,13,0,Optimal,1198540
1429,28,29,13,0,Optimal,1198540
1430,28,30,13,0,Optimal,1198540
1431,28,31,13,0,Optimal,1198540
1432,28,32,13,0,Optimal,1198540
1433,28,33,13,0,Optimal,1198540
1434,28,34,13,0,Optimal,1198540
1435,28,35,13,0,Optimal,1198540
1436,28,36,13,0,Optimal,1198540
1437,28,37,13,0,Optimal,1198540
1438,28,38,13,0,Optimal,1198540
1439,28,39,13,0,Optimal,1198540
1440,28,40,13,0,Optimal,1198540
1441,28,41,13,0,Optimal,1198540
1442,28,42,13,0,Optimal,1198540
1443,28,43,13,0,Optimal,1198540
1444,28,44,13,0,Optimal,1198540
1445,28,45,13,0,Optimal,1198540
1446,28,46,13,0,Optimal,1198540
1447,28,47,13,0,Optimal,1198540
1448,28,48,13,0,Optimal,1198540
1449,28,49,13,0,Optimal,1198540
1450,29,0,13,0,Optimal,1198540
1451,29,1,13,0,Optimal,1198540
1452,29,2,13,0,Optimal,1198540
1453,29,3,13,0,Optimal,1198540
1454,29,4,13,0,Optimal,1198540
1455,29,5,13,0,Optimal,1198540
1456,29,6,13,0,Optimal,1198540
1457,29,7,13,0,Optimal,1198540
1458,29,8,13,0,Optimal,1198540
1459,29,9,13,0,Optimal,1198540
1460,29,10,13,0,Optimal,1198540
1461,29,11,13,0,Optimal,1198540
1462,29,12,13,0,Optimal,1198540
1463,29,13,13,0,Optimal,1198540
1464,29,14,13,0,Optimal,1198540
1465,29,15,13,0,Optimal,1198540
1466,29,16,13,0,Optimal,1198540
1467,29,17,13,0,Optimal,1198540
1468,29,18,13,0,Optimal,1198540
1469,29,19,13,0,Optimal,1198540
1470,29,20,13,0,Optimal,1198540
1471,29,21,13,0,Optimal,1198540
1472,29,22,13,0,Optimal,1198540
1473,29,23,13,0,Optimal,1198540
1474,29,24,13,0,Optimal,1198540
1475,29,25,13,0,Optimal,1198540
1476,29,26,13,0,Optimal,1198540
1477,29,27,13,0,Optimal,1198540
1478,29,28,13,0,Optimal,1198540
1479,29,29,13,0,Optimal,1198540
1480,29,30,13,0,Optimal,1198540
1481,29,31,13,0,Optimal,1198540
1482,29,32,13,0,Optimal,1198540
1483,29,33,13,0,Optimal,1198540
1484,29,34,13,0,Optimal,1198540
1485,29,35,13,0,Optimal,1198540
1486,29,36,13,0,Optimal,1198540
1487,29,37,13,0,Optimal,1198540
1488,29,38,13,0,Optimal,1198540
1489,29,39,13,0,Optimal,1198540
1490,29,40,13,0,Optimal,1198540
1491,29,41,13,0,Optimal,1198540
1492,29,42,13,0,Optimal,1198540
1493,29,43,13,0,Optimal,1198540
1494,29,44,13,0,Optimal,1198540
1495,29,45,13,0,Optimal,1198540
1496,29,46,13,0,Optimal,1198540
1497,29,47,13,0,Optimal,1198540
1498,29,48,13,0,Optimal,1198540
1499,29,49,13,0,Optimal,1198540
1500,30,0,13,0,Optimal,1198540
1501,30,1,13,0,Optimal,1198540
1502,30,2,13,0,Optimal,1198540
1503,30,3,13,0,Optimal,1198540
1504,30,4,13,0,Optimal,1198540
1505,30,5,13,0,Optimal,1198540
1506,30,6,13,0,Optimal,1198540
1507,30,7,13,0,Optimal,1198540
1508,30,8,13,0,Optimal,1198540
1509,30,9,13,0,Optimal,1198540
1510,30,10,13,0,Optimal,1198540
1511,30,11,13,0,Optimal,1198540
1512,30,12,13,0,Optimal,1198540
1513,30,13,13,0,Optimal,1198540
1514,30,14,13,0,Optimal,1198540
1515,30,15,13,0,Optimal,1198540
1516,30,16,13,0,Optimal,1198540
1517,30,17,13,0,Optimal,1198540
1518,30,18,13,0,Optimal,1198540
1519,30,19,13,0,Optimal,1198540
1520,30,20,13,0,Optimal,1198540
1521,30,21,13,0,Optimal,1198540
1522,30,22,13,0,Optimal,1198540
1523,30,23,13,0,Optimal,1198540
1524,30,24,13,0,Optimal,1198540
1525,30,25,13,0,Optimal,1198540
1526,30,26,13,0,Optimal,1198540
1527,30,27,13,0,Optimal,1198540
1528,30,28,13,0,Optimal,1198540
1529,30,29,13,0,Optimal,1198540
1530,30,30,13,0,Optimal,1198540
1531,30,31,13,0,Optimal,1198540
1532,30,32,13,0,Optimal,1198540
1533,30,33,13,0,Optimal,1198540
1534,30,34,13,0,Optimal,1198540
1535,30,35,13,0,Optimal,1198540
1536,30,36,13,0,Optimal,1198540
1537,30,37,13,0,Optimal,1198540
1538,30,38,13,0,Optimal,1198540
1539,30,39,13,0,Optimal,1198540
1540,30,40,13,0,Optimal,1198540
1541,30,41,13,0,Optimal,1198540
1542,30,42,13,0,Optimal,1198540
1543,30,43,13,0,Optimal,1198540
1544,30,44,13,0,Optimal,1198540
1545,30,45,13,0,Optimal,1198540
1546,30,46,13,0,Optimal,1198540
1547,30,47,13,0,Optimal,1198540
1548,30,48,13,0,Optimal,1198540
1549,30,49,13,0,Optimal,1198540
1550,31,0,13,0,Optimal,1198540
1551,31,1,13,0,Optimal,1198540
1552,31,2,13,0,Optimal,1198540
1553,31,3,13,0,Optimal,1198540
1554,31,4,13,0,Optimal,1198540
1555,31,5,13,0,Optimal,1198540
1556,31,6,13,0,Optimal,1198540
1557,31,7,13,0,Optimal,1198540
1558,31,8,13,0,Optimal,1198540
1559,31,9,13,0,Optimal,1198540
1560,31,10,13,0,Optimal,1198540
1561,31,11,13,0,Optimal,1198540
1562,31,12,13,0,Optimal,1198540
1563,31,13,13,0,Optimal,1198540
1564,31,14,13,0,Optimal,1198540
1565,31,15,13,0,Optimal,1198540
1566,31,16,13,0,Optimal,1198540
1567,31,17,13,0,Optimal,1198540
1568,31,18,13,0,Optimal,1198540
1569,31,19,13,0,Optimal,1198540
1570,31,20,13,0,Optimal,1198540
1571,31,21,13,0,Optimal,1198540
1572,31,22,13,0,Optimal,1198540
1573,31,23,13,0,Optimal,1198540
1574,31,24,13,0,Optimal,1198540
1575,31,25,13,0,Optimal,1198540
1576,31,26,13,0,Optimal,1198540
1577,31,27,13,0,Optimal,1198540
1578,31,28,13,0,Optimal,1198540
1579,31,29,13,0,Optimal,1198540
1580,31,30,13,0,Optimal,1198540
1581,31,31,13,0,Optimal,1198540
1582,31,32,13,0,Optimal,1198540
1583,31,33,13,0,Optimal,1198540
1584,31,34,13,0,Optimal,1198540
1585,31,35,13,0,Optimal,1198540
1586,31,36,13,0,Optimal,1198540
1587,31,37,13,0,Optimal,1198540
1588,31,38,13,0,Optimal,1198540
1589,31,39,13,0,Optimal,1198540
1590,31,40,13,0,Optimal,1198540
1591,31,41,13,0,Optimal,1198540
1592,31,42,13,0,Optimal,1198540
1593,31,43,13,0,Optimal,1198540
1594,31,44,13,0,Optimal,1198540
1595,31,45,13,0,Optimal,1198540
1596,31,46,13,0,Optimal,1198540
1597,31,47,13,0,Optimal,1198540
1598,31,48,13,0,Optimal,1198540
1599,31,49,13,0,Optimal,1198540
1600,32,0,13,0,Optimal,1198540
1601,32,1,13,0,Optimal,1198540
1602,32,2,13,0,Optimal,1198540
1603,32,3,13,0,Optimal,1198540
1604,32,4,13,0,Optimal,1198540
1605,32,5,13,0,Optimal,1198540
1606,32,6,13,0,Optimal,1198540
1607,32,7,13,0,Optimal,1198540
1608,32,8,13,0,Optimal,1198540
1609,32,9,13,0,Optimal,1198540
1610,32,10,13,0,Optimal,1198540
1611,32,11,13,0,Optimal,1198540
1612,32,12,13,0,Optimal,1198540
1613,32,13,13,0,Optimal,1198540
1614,32,14,13,0,Optimal,1198540
1615,32,15,13,0,Optimal,1198540
1616,32,16,13,0,Optimal,1198540
1617,32,17,13,0,Optimal,1198540
1618,32,18,13,0,Optimal,1198540
1619,32,19,13,0,Optimal,1198540
1620,32,20,13,0,Optimal,1198540
1621,32,21,13,0,Optimal,1198540
1622,32,22,13,0,Optimal,1198540
1623,32,23,13,0,Optimal,1198540
1624,32,24,13,0,Optimal,1198540
1625,32,25,13,0,Optimal,1198540
1626,32,26,13,0,Optimal,1198540
1627,32,27,13,0,Optimal,1198540
1628,32,28,13,0,Optimal,1198540
1629,32,29,13,0,Optimal,1198540
1630,32,30,13,0,Optimal,1198540
1631,32,31,13,0,Optimal,1198540
1632,32,32,13,0,Optimal,1198540
1633,32,33,13,0,Optimal,1198540
1634,32,34,13,0,Optimal,1198540
1635,32,35,13,0,Optimal,1198540
1636,32,36,13,0,Optimal,1198540
1637,32,37,13,0,Optimal,1198540
1638,32,38,13,0,Optimal,1198540
1639,32,39,13,0,Optimal,1198540
1640,32,40,13,0,Optimal,1198540
1641,32,41,13,0,Optimal,1198540
1642,32,42,13,0,Optimal,1198540
1643,32,43,13,0,Optimal,1198540
1644,32,44,13,0,Optimal,1198540
1645,32,45,13,0,Optimal,1198540
1646,32,46,13,0,Optimal,1198540
1647,32,47,13,0,Optimal,1198540
1648,32,48,13,0,Optimal,1198540
1649,32,49,13,0,Optimal,1198540
1650,33,0,13,0,Optimal,1198540
1651,33,1,13,0,Optimal,1198540
1652,33,2,13,0,Optimal,1198540
1653,33,3,13,0,Optimal,1198540
1654,33,4,13,0,Optimal,1198540
1655,33,5,13,0,Optimal,1198540
1656,33,6,13,0,Optimal,1198540
1657,33,7,13,0,Optimal,1198540
1658,33,8,13,0,Optimal,1198540
1659,33,9,13,0,Optimal,1198540
1660,33,10,13,0,Optimal,1198540
1661,33,11,13,0,Optimal,1198540
1662,33,12,13,0,Optimal,1198540
1663,33,13,13,0,Optimal,1198540
1664,33,14,13,0,Optimal,1198540
1665,33,15,13,0,Optimal,1198540
1666,33,16,13,0,Optimal,1198540
1667,33,17,13,0,Optimal,1198540
1668,33,18,13,0,Optimal,1198540
1669,33,19,13,0,Optimal,1198540
1670,33,20,13,0,Optimal,1198540
1671,33,21,13,0,Optimal,1198540
1672,33,22,13,0,Optimal,1198540
1673,33,23,13,0,Optimal,1198540
1674,33,24,13,0,Optimal,1198540
1675,33,25,13,0,Optimal,1198540
1676,33,26,13,0,Optimal,1198540
1677,33,27,13,0,Optimal,1198540
1678,33,28,13,0,Optimal,1198540
1679,33,29,13,0,Optimal,1198540
1680,33,30,13,0,Optimal,1198540
1681,33,31,13,0,Optimal,1198540
1682,33,32,13,0,Optimal,1198540
1683,33,33,13,0,Optimal,1198540
1684,33,34,13,0,Optimal,1198540
1685,33,35,13,0,Optimal,1198540
1686,33,36,13,0,Optimal,1198540
1687,33,37,13,0,Optimal,1198540
1688,33,38,13,0,Optimal,1198540
1689,33,39,13,0,Optimal,1198540
1690,33,40,13,0,Optimal,1198540
1691,33,41,13,0,Optimal,1198540
1692,33,42,13,0,Optimal,1198540
1693,33,43,13,0,Optimal,1198540
1694,33,44,13,0,Optimal,1198540
1695,33,45,13,0,Optimal,1198540
1696,33,46,13,0,Optimal,1198540
1697,33,47,13,0,Optimal,1198540
1698,33,48,13,0,Optimal,1198540
1699,33,49,13,0,Optimal,1198540
1700,34,0,13,0,Optimal,1198540
1701,34,1,13,0,Optimal,1198540
1702,34,2,13,0,Optimal,1198540
1703,34,3,13,0,Optimal,1198540
1704,34,4,13,0,Optimal,1198540
1705,34,5,13,0,Optimal,1198540
1706,34,6,13,0,Optimal,1198540
1707,34,7,13,0,Optimal,1198540
1708,34,8,13,0,Optimal,1198540
1709,34,9,13,0,Optimal,1198540
1710,34,10,13,0,Optimal,1198540
1711,34,11,13,0,Optimal,1198540
1712,34,12,13,0,Optimal,1198540
1713,34,13,13,0,Optimal,1198540
1714,34,14,13,0,Optimal,1198540
1715,34,15,13,0,Optimal,1198540
1716,34,16,13,0,Optimal,1198540
1717,34,17,13,0,Optimal,1198540
1718,34,18,13,0,Optimal,1198540
1719,34,19,13,0,Optimal,1198540
1720,34,20,13,0,Optimal,1198540
1721,34,21,13,0,Optimal,1198540
1722,34,22,13,0,Optimal,1198540
1723,34,23,13,0,Optimal,1198540
1724,34,24,13,0,Optimal,1198540
1725,34,25,13,0,Optimal,1198540
1726,34,26,13,0,Optimal,1198540
1727,34,27,13,0,Optimal,1198540
1728,34,28,13,0,Optimal,1198540
1729,34,29,13,0,Optimal,1198540
1730,34,30,13,0,Optimal,1198540
1731,34,31,13,0,Optimal,1198540
1732,34,32,13,0,Optimal,1198540
1733,34,33,13,0,Optimal,1198540
1734,34,34,13,0,Optimal,1198540
1735,34,35,13,0,Optimal,1198540
1736,34,36,13,0,Optimal,1198540
1737,34,37,13,0,Optimal,1198540
1738,34,38,13,0,Optimal,1198540
1739,34,39,13,0,Optimal,1198540
1740,34,40,13,0,Optimal,1198540
1741,34,41,13,0,Optimal,1198540
1742,34,42,13,0,Optimal,1198540
1743,34,43,13,0,Optimal,1198540
1744,34,44,13,0,Optimal,1198540
1745,34,45,13,0,Optimal,1198540
1746,34,46,13,0,Optimal,1198540
1747,34,47,13,0,Optimal,1198540
1748,34,48,13,0,Optimal,1198540
1749,34,49,13,0,Optimal,1198540
1750,35,0,13,0,Optimal,1198540
1751,35,1,13,0,Optimal,1198540
1752,35,2,13,0,Optimal,1198540
1753,35,3,13,0,Optimal,1198540
1754,35,4,13,0,Optimal,1198540
1755,35,5,13,0,Optimal,1198540
1756,35,6,13,0,Optimal,1198540
1757,35,7,13,0,Optimal,1198540
1758,35,8,13,0,Optimal,1198540
1759,35,9,13,0,Optimal,1198540
1760,35,10,13,0,Optimal,1198540
1761,35,11,13,0,Optimal,1198540
1762,35,12,13,0,Optimal,1198540
1763,35,13,13,0,Optimal,1198540
1764,35,14,13,0,Optimal,1198540
1765,35,15,13,0,Optimal,1198540
1766,35,16,13,0,Optimal,1198540
1767,35,17,13,0,Optimal,1198540
1768,35,18,13,0,Optimal,1198540
1769,35,19,13,0,Optimal,1198540
1770,35,20,13,0,Optimal,1198540
1771,35,21,13,0,Optimal,1198540
1772,35,22,13,0,Optimal,1198540
1773,35,23,13,0,Optimal,1198540
1774,35,24,13,0,Optimal,1198540
1775,35,25,13,0,Optimal,1198540
1776,35,26,13,0,Optimal,1198540
1777,35,27,13,0,Optimal,1198540
1778,35,28,13,0,Optimal,1198540
1779,35,29,13,0,Optimal,1198540
1780,35,30,13,0,Optimal,1198540
1781,35,31,13,0,Optimal,1198540
1782,35,32,13,0,Optimal,1198540
1783,35,33,13,0,Optimal,1198540
1784,35,34,13,0,Optimal,1198540
1785,35,35,13,0,Optimal,1198540
1786,35,36,13,0,Optimal,1198540
1787,35,37,13,0,Optimal,1198540
1788,35,38,13,0,Optimal,1198540
1789,35,39,13,0,Optimal,1198540
1790,35,40,13,0,Optimal,1198540
1791,35,41,13,0,Optimal,1198540
1792,35,42,13,0,Optimal,1198540
1793,35,43,13,0,Optimal,1198540
1794,35,44,13,0,Optimal,1198540
1795,35,45,13,0,Optimal,1198540
1796,35,46,13,0,Optimal,1198540
1797,35,47,13,0,Optimal,1198540
1798,35,48,13,0,Optimal,1198540
1799,35,49,13,0,Optimal,1198540
1800,36,0,13,0,Optimal,1198540
1801,36,1,13,0,Optimal,1198540
1802,36,2,13,0,Optimal,1198540
1803,36,3,13,0,Optimal,1198540
1804,36,4,13,0,Optimal,1198540
1805,36,5,13,0,Optimal,1198540
1806,36,6,13,0,Optimal,1198540
1807,36,7,13,0,Optimal,1198540
1808,36,8,13,0,Optimal,1198540
1809,36,9,13,0,Optimal,1198540
1810,36,10,13,0,Optimal,1198540
1811,36,11,13,0,Optimal,1198540
1812,36,12,13,0,Optimal,1198540
1813,36,13,13,0,Optimal,1198540
1814,36,14,13,0,Optimal,1198540
1815,36,15,13,0,Optimal,1198540
1816,36,16,13,0,Optimal,1198540
1817,36,17,13,0,Optimal,1198540
1818,36,18,13,0,Optimal,1198540
1819,36,19,13,0,Optimal,1198540
1820,36,20,13,0,Optimal,1198540
1821,36,21,13,0,Optimal,1198540
1822,36,22,13,0,Optimal,1198540
1823,36,23,13,0,Optimal,1198540
1824,36,24,13,0,Optimal,1198540
1825,36,25,13,0,Optimal,1198540
1826,36,26,13,0,Optimal,1198540
1827,36,27,13,0,Optimal,1198540
1828,36,28,13,0,Optimal,1198540
1829,36,29,13,0,Optimal,1198540
1830,36,30,13,0,Optimal,1198540
1831,36,31,13,0,Optimal,1198540
1832,36,32,13,0,Optimal,1198540
1833,36,33,13,0,Optimal,1198540
1834,36,34,13,0,Optimal,1198540
1835,36,35,13,0,Optimal,1198540
1836,36,36,13,0,Optimal,1198540
1837,36,37,13,0,Optimal,1198540
1838,36,38,13,0,Optimal,1198540
1839,36,39,13,0,Optimal,1198540
1840,36,40,13,0,Optimal,1198540
1841,36,41,13,0,Optimal,1198540
1842,36,42,13,0,Optimal,1198540
1843,36,43,13,0,Optimal,1198540
1844,36,44,13,0,Optimal,1198540
1845,36,45,13,0,Optimal,1198540
1846,36,46,13,0,Optimal,1198540
1847,36,47,13,0,Optimal,1198540
1848,36,48,13,0,Optimal,1198540
1849,36,49,13,0,Optimal,1198540
1850,37,0,13,0,Optimal,1198540
1851,37,1,13,0,Optimal,1198540
1852,37,2,13,0,Optimal,1198540
1853,37,3,13,0,Optimal,1198540
1854,37,4,13,0,Optimal,1198540
1855,37,5,13,0,Optimal,1198540
1856,37,6,13,0,Optimal,1198540
1857,37,7,13,0,Optimal,1198540
1858,37,8,13,0,Optimal,1198540
1859,37,9,13,0,Optimal,1198540
1860,37,10,13,0,Optimal,1198540
1861,37,11,13,0,Optimal,1198540
1862,37,12,13,0,Optimal,1198540
1863,37,13,13,0,Optimal,1198540
1864,37,14,13,0,Optimal,1198540
1865,37,15,13,0,Optimal,1198540
1866,37,16,13,0,Optimal,1198540
1867,37,17,13,0,Optimal,1198540
1868,37,18,13,0,Optimal,1198540
1869,37,19,13,0,Optimal,1198540
1870,37,20,13,0,Optimal,1198540
1871,37,21,13,0,Optimal,1198540
1872,37,22,13,0,Optimal,1198540
1873,37,23,13,0,Optimal,1198540
1874,37,24,13,0,Optimal,1198540
1875,37,25,13,0,Optimal,1198540
1876,37,26,13,0,Optimal,1198540
1877,37,27,13,0,Optimal,1198540
1878,37,28,13,0,Optimal,1198540
1879,37,29,13,0,Optimal,1198540
1880,37,30,13,0,Optimal,1198540
1881,37,31,13,0,Optimal,1198540
1882,37,32,13,0,Optimal,1198540
1883,37,33,13,0,Optimal,1198540
1884,37,34,13,0,Optimal,1198540
1885,37,35,13,0,Optimal,1198540
1886,37,36,13,0,Optimal,1198540
1887,37,37,13,0,Optimal,1198540
1888,37,38,13,0,Optimal,1198540
1889,37,39,13,0,Optimal,1198540
1890,37,40,13,0,Optimal,1198540
1891,37,41,13,0,Optimal,1198540
1892,37,42,13,0,Optimal,1198540
1893,37,43,13,0,Optimal,1198540
1894,37,44,13,0,Optimal,1198540
1895,37,45,13,0,Optimal,1198540
1896,37,46,13,0,Optimal,1198540
1897,37,47,13,0,Optimal,1198540
1898,37,48,13,0,Optimal,1198540
1899,37,49,13,0,Optimal,1198540
1900,38,0,13,0,Optimal,1198540
1901,38,1,13,0,Optimal,1198540
1902,38,2,13,0,Optimal,1198540
1903,38,3,13,0,Optimal,1198540
1904,38,4,13,0,Optimal,1198540
1905,38,5,13,0,Optimal,1198540
1906,38,6,13,0,Optimal,1198540
1907,38,7,13,0,Optimal,1198540
1908,38,8,13,0,Optimal,1198540
1909,38,9,13,0,Optimal,1198540
1910,38,10,13,0,Optimal,1198540
1911,38,11,13,0,Optimal,1198540
1912,38,12,13,0,Optimal,1198540
1913,38,13,13,0,Optimal,1198540
1914,38,14,13,0,Optimal,1198540
1915,38,15,13,0,Optimal,1198540
1916,38,16,13,0,Optimal,1198540
1917,38,17,13,0,Optimal,1198540
1918,38,18,13,0,Optimal,1198540
1919,38,19,13,0,Optimal,1198540
1920,38,20,13,0,Optimal,1198540
1921,38,21,13,0,Optimal,1198540
1922,38,22,13,0,Optimal,1198540
1923,38,23,13,0,Optimal,1198540
1924,38,24,13,0,Optimal,1198540
1925,38,25,13,0,Optimal,1198540
1926,38,26,13,0,Optimal,1198540
1927,38,27,13,0,Optimal,1198540
1928,38,28,13,0,Optimal,1198540
1929,38,29,13,0,Optimal,1198540
1930,38,30,13,0,Optimal,1198540
1931,38,31,13,0,Optimal,1198540
1932,38,32,13,0,Optimal,1198540
1933,38,33,13,0,Optimal,1198540
1934,38,34,13,0,Optimal,1198540
1935,38,35,13,0,Optimal,1198540
1936,38,36,13,0,Optimal,1198540
1937,38,37,13,0,Optimal,1198540
1938,38,38,13,0,Optimal,1198540
1939,38,39,13,0,Optimal,1198540
1940,38,40,13,0,Optimal,1198540
1941,38,41,13,0,Optimal,1198540
1942,38,42,13,0,Optimal,1198540
1943,38,43,13,0,Optimal,1198540
1944,38,44,13,0,Optimal,1198540
1945,38,45,13,0,Optimal,1198540
1946,38,46,13,0,Optimal,1198540
1947,38,47,13,0,Optimal,1198540
1948,38,48,13,0,Optimal,1198540
1949,38,49,13,0,Optimal,1198540
1950,39,0,13,0,Optimal,1198540
1951,39,1,13,0,Optimal,1198540
1952,39,2,13,0,Optimal,1198540
1953,39,3,13,0,Optimal,1198540
1954,39,4,13,0,Optimal,1198540
1955,39,5,13,0,Optimal,1198540
1956,39,6,13,0,Optimal,1198540
1957,39,7,13,0,Optimal,1198540
1958,39,8,13,0,Optimal,1198540
1959,39,9,13,0,Optimal,1198540
1960,39,10,13,0,Optimal,1198540
1961,39,11,13,0,Optimal,1198540
1962,39,12,13,0,Optimal,1198540
1963,39,13,13,0,Optimal,1198540
1964,39,14,13,0,Optimal,1198540
1965,39,15,13,0,Optimal,1198540
1966,39,16,13,0,Optimal,1198540
1967,39,17,13,0,Optimal,1198540
1968,39,18,13,0,Optimal,1198540
1969,39,19,13,0,Optimal,1198540
1970,39,20,13,0,Optimal,1198540
1971,39,21,13,0,Optimal,1198540
1972,39,22,13,0,Optimal,1198540
1973,39,23,13,0,Optimal,1198540
1974,39,24,13,0,Optimal,1198540
1975,39,25,13,0,Optimal,1198540
1976,39,26,13,0,Optimal,1198540
1977,39,27,13,0,Optimal,1198540
1978,39,28,13,0,Optimal,1198540
1979,39,29,13,0,Optimal,1198540
1980,39,30,13,0,Optimal,1198540
1981,39,31,13,0,Optimal,1198540
1982,39,32,13,0,Optimal,1198540
1983,39,33,13,0,Optimal,1198540
1984,39,34,13,0,Optimal,1198540
1985,39,35,13,0,Optimal,1198540
1986,39,36,13,0,Optimal,1198540
1987,39,37,13,0,Optimal,1198540
1988,39,38,13,0,Optimal,1198540
1989,39,39,13,0,Optimal,1198540
1990,39,40,13,0,Optimal,1198540
1991,39,41,13,0,Optimal,1198540
1992,39,42,13,0,Optimal,1198540
1993,39,43,13,0,Optimal,1198540
1994,39,44,13,0,Optimal,1198540
1995,39,45,13,0,Optimal,1198540
1996,39,46,13,0,Optimal,1198540
1997,39,47,13,0,Optimal,1198540
1998,39,48,13,0,Optimal,1198540
1999,39,49,13,0,Optimal,1198540
2000,40,0,13,0,Optimal,1198540
2001,40,1,13,0,Optimal,1198540
2002,40,2,13,0,Optimal,1198540
2003,40,3,13,0,Optimal,1198540
2004,40,4,13,0,Optimal,1198540
2005,40,5,13,0,Optimal,1198540
2006,40,6,13,0,Optimal,1198540
2007,40,7,13,0,Optimal,1198540
2008,40,8,13,0,Optimal,1198540
2009,40,9,13,0,Optimal,1198540
2010,40,10,13,0,Optimal,1198540
2011,40,11,13,0,Optimal,1198540
2012,40,12,13,0,Optimal,1198540
2013,40,13,13,0,Optimal,1198540
2014,40,14,13,0,Optimal,1198540
2015,40,15,13,0,Optimal,1198540
2016,40,16,13,0,Optimal,1198540
2017,40,17,13,0,Optimal,1198540
2018,40,18,13,0,Optimal,1198540
2019,40,19,13,0,Optimal,1198540
2020,40,20,13,0,Optimal,1198540
2021,40,21,13,0,Optimal,1198540
2022,40,22,13,0,Optimal,1198540
2023,40,23,13,0,Optimal,1198540
2024,40,24,13,0,Optimal,1198540
2025,40,25,13,0,Optimal,1198540
2026,40,26,13,0,Optimal,1198540
2027,40,27,13,0,Optimal,1198540
2028,40,28,13,0,Optimal,1198540
2029,40,29,13,0,Optimal,1198540
2030,40,30,13,0,Optimal,1198540
2031,40,31,13,0,Optimal,1198540
2032,40,32,13,0,Optimal,1198540
2033,40,33,13,0,Optimal,1198540
2034,40,34,13,0,Optimal,1198540
2035,40,35,13,0,Optimal,1198540
2036,40,36,13,0,Optimal,1198540
2037,40,37,13,0,Optimal,1198540
2038,40,38,13,0,Optimal,1198540
2039,40,39,13,0,Optimal,1198540
2040,40,40,13,0,Optimal,1198540
2041,40,41,13,0,Optimal,1198540
2042,40,42,13,0,Optimal,1198540
2043,40,43,13,0,Optimal,1198540
2044,40,44,13,0,Optimal,1198540
2045,40,45,13,0,Optimal,1198540
2046,40,46,13,0,Optimal,1198540
2047,40,47,13,0,Optimal,1198540
2048,40,48,13,0,Optimal,1198540
2049,40,49,13,0,Optimal,1198540
2050,41,0,13,0,Optimal,1198540
2051,41,1,13,0,Optimal,1198540
2052,41,2,13,0,Optimal,1198540
2053,41,3,13,0,Optimal,1198540
2054,41,4,13,0,Optimal,1198540
2055,41,5,13,0,Optimal,1198540
2056,41,6,13,0,Optimal,1198540
2057,41,7,13,0,Optimal,1198540
2058,41,8,13,0,Optimal,1198540
2059,41,9,13,0,Optimal,1198540
2060,41,10,13,0,Optimal,1198540
2061,41,11,13,0,Optimal,1198540
2062,41,12,13,0,Optimal,1198540
2063,41,13,13,0,Optimal,1198540
2064,41,14,13,0,Optimal,1198540
2065,41,15,13,0,Optimal,1198540
2066,41,16,13,0,Optimal,1198540
2067,41,17,13,0,Optimal,1198540
2068,41,18,13,0,Optimal,1198540
2069,41,19,13,0,Optimal,1198540
2070,41,20,13,0,Optimal,1198540
2071,41,21,13,0,Optimal,1198540
2072,41,22,13,0,Optimal,1198540
2073,41,23,13,0,Optimal,1198540
2074,41,24,13,0,Optimal,1198540
2075,41,25,13,0,Optimal,1198540
2076,41,26,13,0,Optimal,1198540
2077,41,27,13,0,Optimal,1198540
2078,41,28,13,0,Optimal,1198540
2079,41,29,13,0,Optimal,1198540
2080,41,30,13,0,Optimal,1198540
2081,41,31,13,0,Optimal,1198540
2082,41,32,13,0,Optimal,1198540
2083,41,33,13,0,Optimal,1198540
2084,41,34,13,0,Optimal,1198540
2085,41,35,13,0,Optimal,1198540
2086,41,36,13,0,Optimal,1198540
2087,41,37,13,0,Optimal,1198540
2088,41,38,13,0,Optimal,1198540
2089,41,39,13,0,Optimal,1198540
2090,41,40,13,0,Optimal,1198540
2091,41,41,13,0,Optimal,1198540
2092,41,42,13,0,Optimal,1198540
2093,41,43,13,0,Optimal,1198540
2094,41,44,13,0,Optimal,1198540
2095,41,45,13,0,Optimal,1198540
2096,41,46,13,0,Optimal,1198540
2097,41,47,13,0,Optimal,1198540
2098,41,48,13,0,Optimal,1198540
2099,41,49,13,0,Optimal,1198540
2100,42,0,13,0,Optimal,1198540
2101,42,1,13,0,Optimal,1198540
2102,42,2,13,0,Optimal,1198540
2103,42,3,13,0,Optimal,1198540
2104,42,4,13,0,Optimal,1198540
2105,42,5,13,0,Optimal,1198540
2106,42,6,13,0,Optimal,1198540
2107,42,7,13,0,Optimal,1198540
2108,42,8,13,0,Optimal,1198540
2109,42,9,13,0,Optimal,1198540
2110,42,10,13,0,Optimal,1198540
2111,42,11,13,0,Optimal,1198540
2112,42,12,13,0,Optimal,1198540
2113,42,13,13,0,Optimal,1198540
2114,42,14,13,0,Optimal,1198540
2115,42,15,13,0,Optimal,1198540
2116,42,16,13,0,Optimal,1198540
2117,42,17,13,0,Optimal,1198540
2118,42,18,13,0,Optimal,1198540
2119,42,19,13,0,Optimal,1198540
2120,42,20,13,0,Optimal,1198540
2121,42,21,13,0,Optimal,1198540
2122,42,22,13,0,Optimal,1198540
2123,42,23,13,0,Optimal,1198540
2124,42,24,13,0,Optimal,1198540
2125,42,25,13,0,Optimal,1198540
2126,42,26,13,0,Optimal,1198540
2127,42,27,13,0,Optimal,1198540
2128,42,28,13,0,Optimal,1198540
2129,42,29,13,0,Optimal,1198540
2130,42,30,13,0,Optimal,1198540
2131,42,31,13,0,Optimal,1198540
2132,42,32,13,0,Optimal,1198540
2133,42,33,13,0,Optimal,1198540
2134,42,34,13,0,Optimal,1198540
2135,42,35,13,0,Optimal,1198540
2136,42,36,13,0,Optimal,1198540
2137,42,37,13,0,Optimal,1198540
2138,42,38,13,0,Optimal,1198540
2139,42,39,13,0,Optimal,1198540
2140,42,40,13,0,Optimal,1198540
2141,42,41,13,0,Optimal,1198540
2142,42,42,13,0,Optimal,1198540
2143,42,43,13,0,Optimal,1198540
2144,42,44,13,0,Optimal,1198540
2145,42,45,13,0,Optimal,1198540
2146,42,46,13,0,Optimal,1198540
2147,42,47,13,0,Optimal,1198540
2148,42,48,13,0,Optimal,1198540
2149,42,49,13,0,Optimal,1198540
2150,43,0,13,0,Optimal,1198540
2151,43,1,13,0,Optimal,1198540
2152,43,2,13,0,Optimal,1198540
2153,43,3,13,0,Optimal,1198540
2154,43,4,13,0,Optimal,1198540
2155,43,5,13,0,Optimal,1198540
2156,43,6,13,0,Optimal,1198540
2157,43,7,13,0,Optimal,1198540
2158,43,8,13,0,Optimal,1198540
2159,43,9,13,0,Optimal,1198540
2160,43,10,13,0,Optimal,1198540
2161,43,11,13,0,Optimal,1198540
2162,43,12,13,0,Optimal,1198540
2163,43,13,13,0,Optimal,1198540
2164,43,14,13,0,Optimal,1198540
2165,43,15,13,0,Optimal,1198540
2166,43,16,13,0,Optimal,1198540
2167,43,17,13,0,Optimal,1198540
2168,43,18,13,0,Optimal,1198540
2169,43,19,13,0,Optimal,1198540
2170,43,20,13,0,Optimal,1198540
2171,43,21,13,0,Optimal,1198540
2172,43,22,13,0,Optimal,1198540
2173,43,23,13,0,Optimal,1198540
2174,43,24,13,0,Optimal,1198540
2175,43,25,13,0,Optimal,1198540
2176,43,26,13,0,Optimal,1198540
2177,43,27,13,0,Optimal,1198540
2178,43,28,13,0,Optimal,1198540
2179,43,29,13,0,Optimal,1198540
2180,43,30,13,0,Optimal,1198540
2181,43,31,13,0,Optimal,1198540
2182,43,32,13,0,Optimal,1198540
2183,43,33,13,0,Optimal,1198540
2184,43,34,13,0,Optimal,1198540
2185,43,35,13,0,Optimal,1198540
2186,43,36,13,0,Optimal,1198540
2187,43,37,13,0,Optimal,1198540
2188,43,38,13,0,Optimal,1198540
2189,43,39,13,0,Optimal,1198540
2190,43,40,13,0,Optimal,1198540
2191,43,41,13,0,Optimal,1198540
2192,43,42,13,0,Optimal,1198540
2193,43,43,13,0,Optimal,1198540
2194,43,44,13,0,Optimal,1198540
2195,43,45,13,0,Optimal,1198540
2196,43,46,13,0,Optimal,1198540
2197,43,47,13,0,Optimal,1198540
2198,43,48,13,0,Optimal,1198540
2199,43,49,13,0,Optimal,1198540
2200,44,0,13,0,Optimal,1198540
2201,44,1,13,0,Optimal,1198540
2202,44,2,13,0,Optimal,1198540
2203,44,3,13,0,Optimal,1198540
2204,44,4,13,0,Optimal,1198540
2205,44,5,13,0,Optimal,1198540
2206,44,6,13,0,Optimal,1198540
2207,44,7,13,0,Optimal,1198540
2208,44,8,13,0,Optimal,1198540
2209,44,9,13,0,Optimal,1198540
2210,44,10,13,0,Optimal,1198540
2211,44,11,13,0,Optimal,1198540
2212,44,12,13,0,Optimal,1198540
2213,44,13,13,0,Optimal,1198540
2214,44,14,13,0,Optimal,1198540
2215,44,15,13,0,Optimal,1198540
2216,44,16,13,0,Optimal,1198540
2217,44,17,13,0,Optimal,1198540
2218,44,18,13,0,Optimal,1198540
2219,44,19,13,0,Optimal,1198540
2220,44,20,13,0,Optimal,1198540
2221,44,21,13,0,Optimal,1198540
2222,44,22,13,0,Optimal,1198540
2223,44,23,13,0,Optimal,1198540
2224,44,24,13,0,Optimal,1198540
2225,44,25,13,0,Optimal,1198540
2226,44,26,13,0,Optimal,1198540
2227,44,27,13,0,Optimal,1198540
2228,44,28,13,0,Optimal,1198540
2229,44,29,13,0,Optimal,1198540
2230,44,30,13,0,Optimal,1198540
2231,44,31,13,0,Optimal,1198540
2232,44,32,13,0,Optimal,1198540
2233,44,33,13,0,Optimal,1198540
2234,44,34,13,0,Optimal,1198540
2235,44,35,13,0,Optimal,1198540
2236,44,36,13,0,Optimal,1198540
2237,44,37,13,0,Optimal,1198540
2238,44,38,13,0,Optimal,1198540
2239,44,39,13,0,Optimal,1198540
2240,44,40,13,0,Optimal,1198540
2241,44,41,13,0,Optimal,1198540
2242,44,42,13,0,Optimal,1198540
2243,44,43,13,0,Optimal,1198540
2244,44,44,13,0,Optimal,1198540
2245,44,45,13,0,Optimal,1198540
2246,44,46,13,0,Optimal,1198540
2247,44,47,13,0,Optimal,1198540
2248,44,48,13,0,Optimal,1198540
2249,44,49,13,0,Optimal,1198540
2250,45,0,13,0,Optimal,1198540
2251,45,1,13,0,Optimal,1198540
2252,45,2,13,0,Optimal,1198540
2253,45,3,13,0,Optimal,1198540
2254,45,4,13,0,Optimal,1198540
2255,45,5,13,0,Optimal,1198540
2256,45,6,13,0,Optimal,1198540
2257,45,7,13,0,Optimal,1198540
2258,45,8,13,0,Optimal,1198540
2259,45,9,13,0,Optimal,1198540
2260,45,10,13,0,Optimal,1198540
2261,45,11,13,0,Optimal,1198540
2262,45,12,13,0,Optimal,1198540
2263,45,13,13,0,Optimal,1198540
2264,45,14,13,0,Optimal,1198540
2265,45,15,13,0,Optimal,1198540
2266,45,16,13,0,Optimal,1198540
2267,45,17,13,0,Optimal,1198540
2268,45,18,13,0,Optimal,1198540
2269,45,19,13,0,Optimal,1198540
2270,45,20,13,0,Optimal,1198540
2271,45,21,13,0,Optimal,1198540
2272,45,22,13,0,Optimal,1198540
2273,45,23,13,0,Optimal,1198540
2274,45,24,13,0,Optimal,1198540
2275,45,25,13,0,Optimal,1198540
2276,45,26,13,0,Optimal,1198540
2277,45,27,13,0,Optimal,1198540
2278,45,28,13,0,Optimal,1198540
2279,45,29,13,0,Optimal,1198540
2280,45,30,13,0,Optimal,1198540
2281,45,31,13,0,Optimal,1198540
2282,45,32,13,0,Optimal,1198540
2283,45,33,13,0,Optimal,1198540
2284,45,34,13,0,Optimal,1198540
2285,45,35,13,0,Optimal,1198540
2286,45,36,13,0,Optimal,1198540
2287,45,37,13,0,Optimal,1198540
2288,45,38,13,0,Optimal,1198540
2289,45,39,13,0,Optimal,1198540
2290,45,40,13,0,Optimal,1198540
2291,45,41,13,0,Optimal,1198540
2292,45,42,13,0,Optimal,1198540
2293,45,43,13,0,Optimal,1198540
2294,45,44,13,0,Optimal,1198540
2295,45,45,13,0,Optimal,1198540
2296,45,46,13,0,Optimal,1198540
2297,45,47,13,0,Optimal,1198540
2298,45,48,13,0,Optimal,1198540
2299,45,49,13,0,Optimal,1198540
2300,46,0,13,0,Optimal,1198540
2301,46,1,13,0,Optimal,1198540
2302,46,2,13,0,Optimal,1198540
2303,46,3,13,0,Optimal,1198540
2304,46,4,13,0,Optimal,1198540
2305,46,5,13,0,Optimal,1198540
2306,46,6,13,0,Optimal,1198540
2307,46,7,13,0,Optimal,1198540
2308,46,8,13,0,Optimal,1198540
2309,46,9,13,0,Optimal,1198540
2310,46,10,13,0,Optimal,1198540
2311,46,11,13,0,Optimal,1198540
2312,46,12,13,0,Optimal,1198540
2313,46,13,13,0,Optimal,1198540
2314,46,14,13,0,Optimal,1198540
2315,46,15,13,0,Optimal,1198540
2316,46,16,13,0,Optimal,1198540
2317,46,17,13,0,Optimal,1198540
2318,46,18,13,0,Optimal,1198540
2319,46,19,13,0,Optimal,1198540
2320,46,20,13,0,Optimal,1198540
2321,46,21,13,0,Optimal,1198540
2322,46,22,13,0,Optimal,1198540
2323,46,23,13,0,Optimal,1198540
2324,46,24,13,0,Optimal,1198540
2325,46,25,13,0,Optimal,1198540
2326,46,26,13,0,Optimal,1198540
2327,46,27,13,0,Optimal,1198540
2328,46,28,13,0,Optimal,1198540
2329,46,29,13,0,Optimal,1198540
2330,46,30,13,0,Optimal,1198540
2331,46,31,13,0,Optimal,1198540
2332,46,32,13,0,Optimal,1198540
2333,46,33,13,0,Optimal,1198540
2334,46,34,13,0,Optimal,1198540
2335,46,35,13,0,Optimal,1198540
2336,46,36,13,0,Optimal,1198540
2337,46,37,13,0,Optimal,1198540
2338,46,38,13,0,Optimal,1198540
2339,46,39,13,0,Optimal,1198540
2340,46,40,13,0,Optimal,1198540
2341,46,41,13,0,Optimal,1198540
2342,46,42,13,0,Optimal,1198540
2343,46,43,13,0,Optimal,1198540
2344,46,44,13,0,Optimal,1198540
2345,46,45,13,0,Optimal,1198540
2346,46,46,13,0,Optimal,1198540
2347,46,47,13,0,Optimal,1198540
2348,46,48,13,0,Optimal,1198540
2349,46,49,13,0,Optimal,1198540
2350,47,0,13,0,Optimal,1198540
2351,47,1,13,0,Optimal,1198540
2352,47,2,13,0,Optimal,1198540
2353,47,3,13,0,Optimal,1198540
2354,47,4,13,0,Optimal,1198540
2355,47,5,13,0,Optimal,1198540
2356,47,6,13,0,Optimal,1198540
2357,47,7,13,0,Optimal,1198540
2358,47,8,13,0,Optimal,1198540
2359,47,9,13,0,Optimal,1198540
2360,47,10,13,0,Optimal,1198540
2361,47,11,13,0,Optimal,1198540
2362,47,12,13,0,Optimal,1198540
2363,47,13,13,0,Optimal,1198540
2364,47,14,13,0,Optimal,1198540
2365,47,15,13,0,Optimal,1198540
2366,47,16,13,0,Optimal,1198540
2367,47,17,13,0,Optimal,1198540
2368,47,18,13,0,Optimal,1198540
2369,47,19,13,0,Optimal,1198540
2370,47,20,13,0,Optimal,1198540
2371,47,21,13,0,Optimal,1198540
2372,47,22,13,0,Optimal,1198540
2373,47,23,13,0,Optimal,1198540
2374,47,24,13,0,Optimal,1198540
2375,47,25,13,0,Optimal,1198540
2376,47,26,13,0,Optimal,1198540
2377,47,27,13,0,Optimal,1198540
2378,47,28,13,0,Optimal,1198540
2379,47,29,13,0,Optimal,1198540
2380,47,30,13,0,Optimal,1198540
2381,47,31,13,0,Optimal,1198540
2382,47,32,13,0,Optimal,1198540
2383,47,33,13,0,Optimal,1198540
2384,47,34,13,0,Optimal,1198540
2385,47,35,13,0,Optimal,1198540
2386,47,36,13,0,Optimal,1198540
2387,47,37,13,0,Optimal,1198540
2388,47,38,13,0,Optimal,1198540
2389,47,39,13,0,Optimal,1198540
2390,47,40,13,0,Optimal,1198540
2391,47,41,13,0,Optimal,1198540
2392,47,42,13,0,Optimal,1198540
2393,47,43,13,0,Optimal,1198540
2394,47,44,13,0,Optimal,1198540
2395,47,45,13,0,Optimal,1198540
2396,47,46,13,0,Optimal,1198540
2397,47,47,13,0,Optimal,1198540
2398,47,48,13,0,Optimal,1198540
2399,47,49,13,0,Optimal,1198540
2400,48,0,13,0,Optimal,1198540
2401,48,1,13,0,Optimal,1198540
2402,48,2,13,0,Optimal,1198540
2403,48,3,13,0,Optimal,1198540
2404,48,4,13,0,Optimal,1198540
2405,48,5,13,0,Optimal,1198540
2406,48,6,13,0,Optimal,1198540
2407,48,7,13,0,Optimal,1198540
2408,48,8,13,0,Optimal,1198540
2409,48,9,13,0,Optimal,1198540
2410,48,10,13,0,Optimal,1198540
2411,48,11,13,0,Optimal,1198540
2412,48,12,13,0,Optimal,1198540
2413,48,13,13,0,Optimal,1198540
2414,48,14,13,0,Optimal,1198540
2415,48,15,13,0,Optimal,1198540
2416,48,16,13,0,Optimal,1198540
2417,48,17,13,0,Optimal,1198540
2418,48,18,13,0,Optimal,1198540
2419,48,19,13,0,Optimal,1198540
2420,48,20,13,0,Optimal,1198540
2421,48,21,13,0,Optimal,1198540
2422,48,22,13,0,Optimal,1198540
2423,48,23,13,0,Optimal,1198540
2424,48,24,13,0,Optimal,1198540
2425,48,25,13,0,Optimal,1198540
2426,48,26,13,0,Optimal,1198540
2427,48,27,13,0,Optimal,1198540
2428,48,28,13,0,Optimal,1198540
2429,48,29,13,0,Optimal,1198540
2430,48,30,13,0,Optimal,1198540
2431,48,31,13,0,Optimal,1198540
2432,48,32,13,0,Optimal,1198540
2433,48,33,13,0,Optimal,1198540
2434,48,34,13,0,Optimal,1198540
2435,48,35,13,0,Optimal,1198540
2436,48,36,13,0,Optimal,1198540
2437,48,37,13,0,Optimal,1198540
2438,48,38,13,0,Optimal,1198540
2439,48,39,13,0,Optimal,1198540
2440,48,40,13,0,Optimal,1198540
2441,48,41,13,0,Optimal,1198540
2442,48,42,13,0,Optimal,1198540
2443,48,43,13,0,Optimal,1198540
2444,48,44,13,0,Optimal,1198540
2445,48,45,13,0,Optimal,1198540
2446,48,46,13,0,Optimal,1198540
2447,48,47,13,0,Optimal,1198540
2448,48,48,13,0,Optimal,1198540
2449,48,49,13,0,Optimal,1198540
2450,49,0,13,0,Optimal,1198540
2451,49,1,13,0,Optimal,1198540
2452,49,2,13,0,Optimal,1198540
2453,49,3,13,0,Optimal,1198540
2454,49,4,13,0,Optimal,1198540
2455,49,5,13,0,Optimal,1198540
2456,49,6,13,0,Optimal,1198540
2457,49,7,13,0,Optimal,1198540
2458,49,8,13,0,Optimal,1198540
2459,49,9,13,0,Optimal,1198540
2460,49,10,13,0,Optimal,1198540
2461,49,11,13,0,Optimal,1198540
2462,49,12,13,0,Optimal,1198540
2463,49,13,13,0,Optimal,1198540
2464,49,14,13,0,Optimal,1198540
2465,49,15,13,0,Optimal,1198540
2466,49,16,13,0,Optimal,1198540
2467,49,17,13,0,Optimal,1198540
2468,49,18,13,0,Optimal,1198540
2469,49,19,13,0,Optimal,1198540
2470,49,20,13,0,Optimal,1198540
2471,49,21,13,0,Optimal,1198540
2472,49,22,13,0,Optimal,1198540
2473,49,23,13,0,Optimal,1198540
2474,49,24,13,0,Optimal,1198540
2475,49,25,13,0,Optimal,1198540
2476,49,26,13,0,Optimal,1198540
2477,49,27,13,0,Optimal,1198540
2478,49,28,13,0,Optimal,1198540
2479,49,29,13,0,Optimal,1198540
2480,49,30,13,0,Optimal,1198540
2481,49,31,13,0,Optimal,1198540
2482,49,32,13,0,Optimal,1198540
2483,49,33,13,0,Optimal,1198540
2484,49,34,13,0,Optimal,1198540
2485,49,35,13,0,Optimal,1198540
2486,49,36,13,0,Optimal,1198540
2487,49,37,13,0,Optimal,1198540
2488,49,38,13,0,Optimal,1198540
2489,49,39,13,0,Optimal,1198540
2490,49,40,13,0,Optimal,1198540
2491,49,41,13,0,Optimal,1198540
2492,49,42,13,0,Optimal,1198540
2493,49,43,13,0,Optimal,1198540
2494,49,44,13,0,Optimal,1198540
2495,49,45,13,0,Optimal,1198540
2496,49,46,13,0,Optimal,1198540
2497,49,47,13,0,Optimal,1198540
2498,49,48,13,0,Optimal,1198540
2499,49,49,13,0,Optimal,1198540
